sample	chr	pos	ref	var	zygosity	report	confirmedWithSanger	confirmedWithoutSanger	comment
IR046-NU-CGM-1-IDMB6	16	23614890	G	A	Heterozygous	yes	no	no
IR046-NU-CGM-1-IDMB7	19	11217286	A	G	Heterozygous	yes	no	no
IR046-NU-CGM-1-IDMB7	2	166915149	G	T	Heterozygous	yes	no	no
IR046-NU-CGM-1-IDMB8	22	29130462	TG	T	Heterozygous	yes	no	no
IR046-NU-CGM-1-IDMB8	7	117267573	C	A	Heterozygous	yes	no	no
IR046-NU-CGM-1-IDMB11	6	7583812	CT	C	Heterozygous	yes	no	no
IR046-NU-CGM-1-IDMB12	11	67810832	C	A	Heterozygous	yes	no	no
IR047-NU-CGM-2-IDMB50	22	29121087	A	G	Heterozygous	yes	no	no
IR047-NU-CGM-2-IDMB51	13	32954172	A	G	Heterozygous	yes	no	no
IR047-NU-CGM-2-IDMB51	4	114280336	C	T	Heterozygous	yes	no	no
IR047-NU-CGM-2-IDMB52	3	38622502	C	T	Heterozygous	yes	no	no
IR047-NU-CGM-2-IDMB53	6	7583296	G	A	Heterozygous	yes	no	no
IR047-NU-CGM-2-IDMB54	5	112175211	T	A	Heterozygous	yes	no	no
IR047-NU-CGM-2-IDMB55	14	94844947	C	T	Heterozygous	yes	no	no
IR047-NU-CGM-2-IDMB57	14	23884652	C	T	Heterozygous	yes	no	no
IR047-NU-CGM-2-IDMB58	12	121416726	G	C	Heterozygous	yes	no	no
IR047-NU-CGM-2-IDMB59	18	58039173	A	G	Heterozygous	yes	no	no
IR047-NU-CGM-2-IDMB60	19	38973710	C	T	Heterozygous	yes	no	no
IR047-NU-CGM-2-IDMB62	22	29121087	A	G	Heterozygous	yes	no	no
IR047-NU-CGM-2-IDMB67	1	152285076	CACTG	C	Heterozygous	yes	no	no
IR047-NU-CGM-2-IDMB68	3	38647459	G	A	Heterozygous	yes	no	no
IR047-NU-CGM-2-IDMB73	13	48923112	C	T	Heterozygous	yes	no	no
IR047-NU-CGM-2-IDMB74	14	94844947	C	T	Heterozygous	yes	no	no
IR047-NU-CGM-2-IDMB76	12	133254005	G	A	Heterozygous	yes	no	no
IR047-NU-CGM-2-IDMB77	1	201022705	T	C	Heterozygous	yes	no	no
IR047-NU-CGM-2-IDMB78	14	94847262	T	A	Heterozygous	yes	no	no
IR047-NU-CGM-2-IDMB78	7	117232389	G	T	Heterozygous	yes	no	no
IR047-NU-CGM-2-IDMB79	14	94844947	C	T	Heterozygous	yes	no	no
IR047-NU-CGM-2-IDMB80	7	117243663	C	T	Heterozygous	yes	no	no
IR047-NU-CGM-2-IDMB81	14	94849420	G	A	Heterozygous	yes	no	no
IR047-NU-CGM-2-IDMB82	1	152276729	T	A	Heterozygous	yes	no	no
IR047-NU-CGM-2-IDMB84	14	94847207	CCTT	C	Heterozygous	yes	no	no
IR047-NU-CGM-2-IDMB88	1	63069703	G	A	Heterozygous	yes	no	no
IR047-NU-CGM-2-IDMB89	1	201019541	C	G	Heterozygous	yes	no	no
IR047-NU-CGM-2-IDMB94	14	23900692	T	C	Heterozygous	yes	no	no
IR047-NU-CGM-2-IDMB94	14	94847262	T	A	Heterozygous	yes	no	no
IR047-NU-CGM-2-IDMB95	7	117227903	T	C	Heterozygous	yes	no	no
IR047-NU-CGM-1-IDMB50	1	201058520	T	C	Heterozygous	yes	no	no
IR047-NU-CGM-1-IDMB51	12	2791115	G	A	Heterozygous	yes	no	no
IR047-NU-CGM-1-IDMB51	18	28648111	T	C	Heterozygous	yes	no	no
IR047-NU-CGM-1-IDMB52	17	41243887	C	A	Heterozygous	yes	no	no
IR047-NU-CGM-1-IDMB52	17	41244369	T	G	Heterozygous	yes	no	no
IR047-NU-CGM-1-IDMB54	10	43598000	G	A	Heterozygous	yes	no	no
IR047-NU-CGM-1-IDMB55	14	94847262	T	A	Heterozygous	yes	no	no
IR047-NU-CGM-1-IDMB55	6	7585347	C	T	Heterozygous	yes	no	no
IR047-NU-CGM-1-IDMB56	11	108150228	G	A	Heterozygous	yes	no	no
IR047-NU-CGM-1-IDMB57	1	152276729	T	A	Heterozygous	yes	no	no
IR047-NU-CGM-1-IDMB57	19	39055985	G	A	Heterozygous	yes	no	no
IR047-NU-CGM-1-IDMB57	2	48033483	C	T	Heterozygous	yes	no	no
IR047-NU-CGM-1-IDMB58	18	48584766	C	T	Heterozygous	yes	no	no
IR047-NU-CGM-1-IDMB58	2	21229606	C	G	Heterozygous	yes	no	no
IR047-NU-CGM-1-IDMB59	11	47357547	G	A	Heterozygous	yes	no	no
IR047-NU-CGM-1-IDMB59	14	23901008	T	A	Heterozygous	yes	no	no
IR047-NU-CGM-1-IDMB61	1	152285076	CACTG	C	Heterozygous	yes	no	no
IR047-NU-CGM-1-IDMB61	14	94847262	T	A	Heterozygous	yes	no	no
IR047-NU-CGM-1-IDMB64	14	94847262	T	A	Heterozygous	yes	no	no
IR047-NU-CGM-1-IDMB65	11	67816294	C	T	Heterozygous	yes	no	no
IR047-NU-CGM-1-IDMB65	12	33031185	C	T	Heterozygous	yes	no	no
IR047-NU-CGM-1-IDMB66	14	94847262	T	A	Heterozygous	yes	no	no
IR047-NU-CGM-1-IDMB66	2	21230811	C	T	Heterozygous	yes	no	no
IR047-NU-CGM-1-IDMB67	14	94847262	T	A	Heterozygous	yes	no	no
IR047-NU-CGM-1-IDMB68	1	152285076	CACTG	C	Heterozygous	yes	no	no
IR047-NU-CGM-1-IDMB68	22	29121087	A	G	Heterozygous	yes	no	no
IR047-NU-CGM-1-IDMB70	13	32905084	A	G	Heterozygous	yes	no	no
IR047-NU-CGM-1-IDMB70	7	117199644	ATCT	A	Heterozygous	yes	no	no
IR047-NU-CGM-1-IDMB72	1	152285076	CACTG	C	Heterozygous	yes	no	no
IR047-NU-CGM-1-IDMB72	14	23898256	T	A	Heterozygous	yes	no	no
IR047-NU-CGM-1-IDMB74	14	23885394	A	T	Heterozygous	yes	no	no
IR047-NU-CGM-1-IDMB74	16	2107127	A	G	Heterozygous	yes	no	no
IR047-NU-CGM-1-IDMB74	19	38980900	C	T	Heterozygous	yes	no	no
IR047-NU-CGM-1-IDMB75	7	117243663	C	T	Heterozygous	yes	no	no
IR047-NU-CGM-1-IDMB79	12	32949079	C	A	Heterozygous	yes	no	no
IR047-NU-CGM-1-IDMB79	21	35742938	T	C	Heterozygous	yes	no	no
IR047-NU-CGM-1-IDMB81	11	47358942	C	T	Heterozygous	yes	no	no
IR047-NU-CGM-1-IDMB81	17	41243503	T	G	Heterozygous	yes	no	no
IR047-NU-CGM-1-IDMB84	14	94847262	T	A	Heterozygous	yes	no	no
IR047-NU-CGM-1-IDMB86	1	201046224	A	G	Heterozygous	yes	no	no
IR047-NU-CGM-1-IDMB89	11	64574511	C	T	Heterozygous	yes	no	no
IR047-NU-CGM-1-IDMB89	3	123452674	C	T	Heterozygous	yes	no	no
IR047-NU-CGM-1-IDMB93	14	94847262	T	A	Heterozygous	yes	no	no
IR047-NU-CGM-1-IDMB95	14	94847262	T	A	Heterozygous	yes	no	no
IR047-NU-CGM-2-IDMB6	7	117171011	C	T	Heterozygous	yes	no	no
IR047-NU-CGM-2-IDMB9	19	38939066	C	T	Heterozygous	yes	no	no
IR047-NU-CGM-2-IDMB12	9	135787803	G	A	Heterozygous	yes	no	no
IR047-NU-CGM-2-IDMB13	7	150655332	G	T	Heterozygous	yes	no	no
IR047-NU-CGM-2-IDMB14	11	108139302	C	G	Heterozygous	yes	no	no
IR047-NU-CGM-2-IDMB14	14	23883054	C	G	Heterozygous	yes	no	no
IR047-NU-CGM-2-IDMB15	1	156849032	G	A	Heterozygous	yes	no	no
IR047-NU-CGM-2-IDMB15	1	201039502	G	A	Heterozygous	yes	no	no
IR047-NU-CGM-2-IDMB15	11	32456480	A	G	Heterozygous	yes	no	no
IR047-NU-CGM-2-IDMB17	19	38943647	AG	A	Heterozygous	yes	no	no
IR047-NU-CGM-2-IDMB20	14	94847262	T	A	Heterozygous	yes	no	no
IR047-NU-CGM-2-IDMB20	3	38592174	G	A	Heterozygous	yes	no	no
IR047-NU-CGM-2-IDMB20	7	150655200	A	G	Heterozygous	yes	no	no
IR047-NU-CGM-2-IDMB24	14	23894049	G	A	Heterozygous	yes	no	no
IR047-NU-CGM-2-IDMB27	2	167060593	C	T	Heterozygous	yes	no	no
IR047-NU-CGM-2-IDMB29	19	39010039	T	G	Heterozygous	yes	no	no
IR047-NU-CGM-2-IDMB31	16	15826453	C	T	Heterozygous	yes	no	no
IR047-NU-CGM-2-IDMB33	7	150644548	C	T	Heterozygous	yes	no	no
IR047-NU-CGM-2-IDMB35	17	41276044	ACT	A	Heterozygous	yes	no	no
IR047-NU-CGM-2-IDMB37	17	41276044	ACT	A	Heterozygous	yes	no	no
IR047-NU-CGM-2-IDMB38	5	112175211	T	A	Heterozygous	yes	no	no
IR047-NU-CGM-2-IDMB39	1	152285076	CACTG	C	Heterozygous	yes	no	no
IR047-NU-CGM-2-IDMB40	14	23901923	G	A	Heterozygous	yes	no	no
IR047-NU-CGM-2-IDMB44	1	152285076	CACTG	C	Heterozygous	yes	no	no
IR047-NU-CGM-2-IDMB44	14	94847262	T	A	Heterozygous	yes	no	no
IR047-NU-CGM-2-IDMB46	11	108175544	C	T	Heterozygous	yes	no	no
IR047-NU-CGM-2-IDMB46	4	114269433	A	G	Heterozygous	yes	no	no
IR047-NU-CGM-2-IDMB47	11	108175544	C	T	Heterozygous	yes	no	no
IR047-NU-CGM-2-IDMB48	17	36070666	G	A	Heterozygous	yes	no	no
IR047-NU-CGM-2-IDMB48	17	41244633	C	T	Heterozygous	yes	no	no
IR047-NU-CGM-2-IDMB49	11	108225594	T	C	Heterozygous	yes	no	no
IR047-NU-CGM-2-IDMB49	14	94844947	C	T	Heterozygous	yes	no	no
IR047-NU-CGM-2-IDMB49	14	94847262	T	A	Heterozygous	yes	no	no
IR048-NU-CGM-1-IDMB1	1	152285076	CACTG	C	Heterozygous	yes	no	no
IR048-NU-CGM-1-IDMB3	18	28654652	T	A	Heterozygous	yes	no	no
IR048-NU-CGM-1-IDMB7	19	55668673	G	T	Heterozygous	yes	no	no
IR048-NU-CGM-1-IDMB7	2	167055561	A	C	Heterozygous	yes	no	no
IR048-NU-CGM-1-IDMB8	7	117171029	G	A	Heterozygous	yes	no	no
IR048-NU-CGM-1-IDMB8	7	117199644	ATCT	A	Heterozygous	yes	no	no
IR048-NU-CGM-2-IDMB11	10	89725224	GTC	G	Heterozygous	yes	no	no
IR048-NU-CGM-2-IDMB11	18	29115370	C	T	Heterozygous	yes	no	no
IR048-NU-CGM-2-IDMB12	18	29115370	C	T	Heterozygous	yes	no	no
IR048-NU-CGM-2-IDMB16	11	67816547	G	A	Heterozygous	yes	no	no
IR048-NU-CGM-2-IDMB18	14	94847262	T	A	Heterozygous	yes	no	no
IR048-NU-CGM-2-IDMB19	22	29121087	A	G	Heterozygous	yes	no	no
IR048-NU-CGM-2-IDMB20	14	94847262	T	A	Heterozygous	yes	no	no
IR048-NU-CGM-2-IDMB24	7	117234999	G	T	Heterozygous	yes	no	no
IR048-NU-CGM-2-IDMB25	13	32915190	C	A	Heterozygous	yes	no	no
IR048-NU-CGM-2-IDMB25	18	28660267	T	C	Heterozygous	yes	no	no
IR048-NU-CGM-2-IDMB26	1	237947095	C	T	Heterozygous	yes	no	no
IR048-NU-CGM-2-IDMB29	17	68172379	C	T	Heterozygous	yes	no	no
IR048-NU-CGM-2-IDMB29	2	203417539	T	C	Heterozygous	yes	no	no
IR048-NU-CGM-2-IDMB29	3	38622582	C	T	Heterozygous	yes	no	no
IR048-NU-CGM-2-IDMB29	7	117267703	A	G	Heterozygous	yes	no	no
IR048-NU-CGM-2-IDMB29	7	117282628	C	T	Heterozygous	yes	no	no
IR048-NU-CGM-2-IDMB31	11	64572045	C	A	Heterozygous	yes	no	no
IR048-NU-CGM-2-IDMB33	14	23891536	T	G	Heterozygous	yes	no	no
IR048-NU-CGM-2-IDMB34	10	43572726	G	A	Heterozygous	yes	no	no
IR048-NU-CGM-2-IDMB37	1	237755073	A	G	Heterozygous	yes	no	no
IR048-NU-CGM-2-IDMB38	14	23889301	T	C	Heterozygous	yes	no	no
IR048-NU-CGM-2-IDMB39	1	237664032	G	A	Heterozygous	yes	no	no
IR048-NU-CGM-2-IDMB39	7	117199644	ATCT	A	Heterozygous	yes	no	no
IR048-NU-CGM-2-IDMB40	7	117251676	G	C	Heterozygous	yes	no	no
IR048-NU-CGM-2-IDMB41	14	94844947	C	T	Heterozygous	yes	no	no
IR048-NU-CGM-2-IDMB41	19	39071016	A	T	Heterozygous	yes	no	no
IR048-NU-CGM-2-IDMB43	14	23900977	G	A	Heterozygous	yes	no	no
IR048-NU-CGM-2-IDMB43	7	117251649	T	G	Heterozygous	yes	no	no
IR048-NU-CGM-2-IDMB45	11	108138071	T	C	Heterozygous	yes	no	no
IR048-NU-CGM-2-IDMB46	13	32911755	C	CT	Heterozygous	yes	no	no
IR049-NU-CGM-1-IDMB2	1	152285506	G	T	Heterozygous	yes	no	no
IR049-NU-CGM-1-IDMB4	19	13366030	C	A	Heterozygous	yes	no	no
IR052-NU-CGM-2-IDMB1	2	47637374	C	G	Heterozygous	yes	no	no
IR052-NU-CGM-2-IDMB1	2	47705509	T	C	Heterozygous	yes	no	no
IR052-NU-CGM-2-IDMB1	7	6045598	G	T	Heterozygous	yes	no	no
IR052-NU-CGM-2-IDMB3	6	7569425	G	A	Heterozygous	yes	no	no
IR052-NU-CGM-2-IDMB4	1	11861449	G	A	Heterozygous	yes	no	no
IR052-NU-CGM-2-IDMB4	5	112137021	C	T	Heterozygous	yes	no	no
IR052-NU-CGM-2-IDMB6	19	13319629	G	A	Heterozygous	yes	no	no
IR052-NU-CGM-2-IDMB7	13	32929057	TTC	T	Heterozygous	yes	no	no
IR052-NU-CGM-2-IDMB8	11	108192069	C	T	Heterozygous	yes	no	no
IR052-NU-CGM-2-IDMB10	13	32906543	T	G	Heterozygous	yes	no	no
IR052-NU-CGM-2-IDMB11	13	32930586	A	G	Heterozygous	yes	no	no
IR052-NU-CGM-2-IDMB12	7	117232224	G	A	Heterozygous	yes	no	no
IR052-NU-CGM-2-IDMB14	14	94847262	T	A	Heterozygous	yes	no	no
IR052-NU-CGM-2-IDMB14	7	117199644	ATCT	A	Heterozygous	yes	no	no
IR052-NU-CGM-2-IDMB15	14	94847262	T	A	Heterozygous	yes	no	no
IR052-NU-CGM-2-IDMB16	14	94847262	T	A	Heterozygous	yes	no	no
IR052-NU-CGM-2-IDMB16	7	117199644	ATCT	A	Heterozygous	yes	no	no
IR052-NU-CGM-2-IDMB18	11	108198460	T	A	Heterozygous	yes	no	no
IR052-NU-CGM-2-IDMB20	9	135785965	G	C	Heterozygous	yes	no	no
IR052-NU-CGM-2-IDMB22	14	94847262	T	A	Heterozygous	yes	no	no
IR052-NU-CGM-2-IDMB22	16	2131704	G	A	Heterozygous	yes	no	no
IR052-NU-CGM-2-IDMB23	1	55505616	G	A	Heterozygous	yes	no	no
IR052-NU-CGM-2-IDMB23	1	55509606	G	A	Heterozygous	yes	no	no
IR052-NU-CGM-2-IDMB23	1	196648767	T	A	Heterozygous	yes	no	no
IR052-NU-CGM-2-IDMB23	11	108170465	A	G	Heterozygous	yes	no	no
IR052-NU-CGM-2-IDMB24	18	29126164	TC	T	Heterozygous	yes	no	no
IR052-NU-CGM-2-IDMB24	6	7559593	A	T	Heterozygous	yes	no	no
IR052-NU-CGM-2-IDMB25	14	94845805	G	A	Heterozygous	yes	no	no
IR052-NU-CGM-2-IDMB27	11	67810833	G	T	Heterozygous	yes	no	no
IR052-NU-CGM-2-IDMB30	16	2110689	G	A	Heterozygous	yes	no	no
IR052-NU-CGM-2-IDMB30	2	167060871	C	G	Heterozygous	yes	no	no
IR052-NU-CGM-2-IDMB31	1	201046133	A	G	Heterozygous	yes	no	no
IR052-NU-CGM-2-IDMB31	14	94847262	T	A	Heterozygous	yes	no	no
IR052-NU-CGM-2-IDMB33	7	117251649	T	G	Heterozygous	yes	no	no
IR052-NU-CGM-2-IDMB34	16	2126130	C	T	Heterozygous	yes	no	no
IR052-NU-CGM-2-IDMB35	1	237934127	G	A	Heterozygous	yes	no	no
IR052-NU-CGM-2-IDMB35	14	23893180	T	A	Heterozygous	yes	no	no
IR052-NU-CGM-2-IDMB36	1	196712620	T	C	Heterozygous	yes	no	no
IR052-NU-CGM-2-IDMB36	1	196712626	G	C	Heterozygous	yes	no	no
IR052-NU-CGM-2-IDMB37	1	201013575	G	C	Heterozygous	yes	no	no
IR052-NU-CGM-2-IDMB37	6	7585162	A	T	Heterozygous	yes	no	no
IR052-NU-CGM-2-IDMB39	22	29121087	A	G	Heterozygous	yes	no	no
IR052-NU-CGM-2-IDMB41	11	108138071	T	C	Heterozygous	yes	no	no
IR052-NU-CGM-2-IDMB44	12	121435469	G	A	Heterozygous	yes	no	no
IR052-NU-CGM-2-IDMB44	7	117267781	C	T	Heterozygous	yes	no	no
IR052-NU-CGM-2-IDMB47	18	29122809	C	A	Heterozygous	yes	no	no
IR052-NU-CGM-2-IDMB48	14	94845805	G	A	Heterozygous	yes	no	no
IR052-NU-CGM-2-IDMB48	7	117234995	T	G	Heterozygous	yes	no	no
IR052-NU-CGM-2-IDMB51	1	237755073	A	G	Heterozygous	yes	no	no
IR052-NU-CGM-2-IDMB52	1	196684888	C	A	Heterozygous	yes	no	no
IR052-NU-CGM-2-IDMB52	7	6026556	T	A	Heterozygous	yes	no	no
IR052-NU-CGM-2-IDMB53	2	48026740	C	A	Heterozygous	yes	no	no
IR052-NU-CGM-2-IDMB56	X	100656751	T	C	Heterozygous	yes	no	no
IR052-NU-CGM-2-IDMB57	14	94847262	T	A	Heterozygous	yes	no	no
IR052-NU-CGM-2-IDMB59	22	29091856	AG	A	Heterozygous	yes	no	no
IR052-NU-CGM-2-IDMB61	1	152285076	CACTG	C	Heterozygous	yes	no	no
IR052-NU-CGM-2-IDMB61	14	94844947	C	T	Heterozygous	yes	no	no
IR052-NU-CGM-2-IDMB61	14	94847262	T	A	Heterozygous	yes	no	no
IR052-NU-CGM-2-IDMB62	12	121432085	C	T	Heterozygous	yes	no	no
IR052-NU-CGM-2-IDMB62	7	150642463	G	A	Heterozygous	yes	no	no
IR052-NU-CGM-2-IDMB64	1	237755152	C	A	Heterozygous	yes	no	no
IR052-NU-CGM-2-IDMB64	11	108160371	G	A	Heterozygous	yes	no	no
IR052-NU-CGM-2-IDMB65	17	41223252	C	A	Heterozygous	yes	no	no
IR052-NU-CGM-2-IDMB65	4	114279679	C	A	Heterozygous	yes	no	no
IR052-NU-CGM-2-IDMB68	1	156108328	C	T	Heterozygous	yes	no	no
IR052-NU-CGM-2-IDMB68	14	94844947	C	T	Heterozygous	yes	no	no
IR052-NU-CGM-2-IDMB70	11	108188216	G	C	Heterozygous	yes	no	no
IR052-NU-CGM-2-IDMB71	1	152285076	CACTG	C	Heterozygous	yes	no	no
IR052-NU-CGM-2-IDMB72	12	32977003	A	C	Heterozygous	yes	no	no
IR052-NU-CGM-2-IDMB72	19	13409827	A	C	Heterozygous	yes	no	no
IR052-NU-CGM-2-IDMB72	9	135772613	A	G	Heterozygous	yes	no	no
IR052-NU-CGM-2-IDMB74	16	15841744	G	C	Heterozygous	yes	no	no
IR052-NU-CGM-2-IDMB74	4	114257161	A	G	Heterozygous	yes	no	no
IR052-NU-CGM-2-IDMB75	19	11226829	G	A	Heterozygous	yes	no	no
IR052-NU-CGM-2-IDMB75	19	13342574	C	G	Heterozygous	yes	no	no
IR052-NU-CGM-2-IDMB76	11	2610027	G	A	Heterozygous	yes	no	no
IR052-NU-CGM-2-IDMB77	14	94844947	C	T	Heterozygous	yes	no	no
IR052-NU-CGM-2-IDMB82	14	94847262	T	A	Heterozygous	yes	no	no
IR052-NU-CGM-2-IDMB82	4	114275371	A	T	Heterozygous	yes	no	no
IR052-NU-CGM-2-IDMB86	11	2466496	C	CAT	Heterozygous	yes	no	no
IR052-NU-CGM-2-IDMB86	11	2466497	G	C	Heterozygous	yes	no	no
IR052-NU-CGM-2-IDMB86	13	32915088	CTT	C	Heterozygous	yes	no	no
IR052-NU-CGM-2-IDMB87	22	29121087	A	G	Heterozygous	yes	no	no
IR052-NU-CGM-2-IDMB88	4	114279567	G	T	Heterozygous	yes	no	no
IR052-NU-CGM-2-IDMB91	18	29126387	A	C	Heterozygous	yes	no	no
IR057-NU-CGM-1-IDMB93	14	94848974	C	T	Heterozygous	yes	no	no
IR057-NU-CGM-1-IDMB93	7	117227860	G	A	Heterozygous	yes	no	no
IR109-Columbia-2-IDMB1	1	237947871	T	C	Heterozygous	yes	no	no
IR109-Columbia-2-IDMB6	9	135781297	G	T	Heterozygous	yes	no	no
IR109-Columbia-2-IDMB7	1	152276443	G	C	Heterozygous	yes	no	no
IR109-Columbia-2-IDMB7	1	152280331	G	C	Heterozygous	yes	no	no
IR109-Columbia-2-IDMB7	14	94844947	C	T	Heterozygous	yes	no	no
IR109-Columbia-2-IDMB7	19	1218461	G	C	Heterozygous	yes	no	no
IR109-Columbia-2-IDMB8	14	94847262	T	A	Heterozygous	yes	no	no
IR109-Columbia-2-IDMB9	18	52899907	C	T	Heterozygous	yes	no	no
IR109-Columbia-2-IDMB9	7	117243663	C	T	Heterozygous	yes	no	no
IR109-Columbia-2-IDMB10	14	94847262	T	A	Heterozygous	yes	no	no
IR109-Columbia-2-IDMB10	3	38622493	C	T	Heterozygous	yes	no	no
IR109-Columbia-2-IDMB11	14	94847262	T	A	Heterozygous	yes	no	no
IR109-Columbia-2-IDMB13	19	50902670	C	T	Heterozygous	yes	no	no
IR109-Columbia-2-IDMB13	6	7585881	G	C	Heterozygous	yes	no	no
IR109-Columbia-2-IDMB14	15	48779301	T	C	Heterozygous	yes	no	no
IR109-Columbia-2-IDMB14	16	15829296	C	T	Heterozygous	yes	no	no
IR109-Columbia-2-IDMB14	16	15841535	A	G	Heterozygous	yes	no	no
IR109-Columbia-2-IDMB19	17	7576860	G	A	Heterozygous	yes	no	no
IR109-Columbia-2-IDMB20	7	6048650	T	C	Heterozygous	yes	no	no
IR109-Columbia-2-IDMB27	11	47359040	C	A	Heterozygous	yes	no	no
IR109-Columbia-2-IDMB28	7	150644891	G	A	Heterozygous	yes	no	no
IR109-Columbia-2-IDMB29	17	41245352	T	G	Heterozygous	yes	no	no
IR109-Columbia-2-IDMB33	7	117175323	G	A	Heterozygous	yes	no	no
IR109-Columbia-2-IDMB34	10	43601894	G	A	Heterozygous	yes	no	no
IR109-Columbia-2-IDMB35	7	117227792	G	A	Heterozygous	yes	no	no
IR109-Columbia-2-IDMB38	11	32413602	G	T	Heterozygous	yes	no	no
IR109-Columbia-2-IDMB39	3	38645430	C	T	Heterozygous	yes	no	no
IR109-Columbia-2-IDMB40	7	117199644	ATCT	A	Heterozygous	yes	no	no
IR109-Columbia-2-IDMB41	7	117171029	G	A	Heterozygous	yes	no	no
IR109-Columbia-2-IDMB43	14	94847262	T	A	Heterozygous	yes	no	no
IR109-Columbia-2-IDMB45	1	55524201	T	C	Heterozygous	yes	no	no
IR109-Columbia-2-IDMB52	18	29125965	G	T	Heterozygous	yes	no	no
IR109-Columbia-2-IDMB54	5	112162879	A	G	Heterozygous	yes	no	no
IR109-Columbia-2-IDMB56	1	237890459	G	A	Heterozygous	yes	no	no
IR109-Columbia-2-IDMB56	18	28667678	A	AAAAATTGGGTAGTT	Heterozygous	yes	no	no
IR109-Columbia-2-IDMB56	19	11224236	G	A	Heterozygous	yes	no	no
IR109-Columbia-2-IDMB57	14	94847262	T	A	Heterozygous	yes	no	no
IR109-Columbia-2-IDMB57	3	123427589	T	C	Heterozygous	yes	no	no
IR109-Columbia-2-IDMB58	2	189859030	A	G	Heterozygous	yes	no	no
IR109-Columbia-2-IDMB60	7	117199644	ATCT	A	Heterozygous	yes	no	no
IR109-Columbia-2-IDMB61	13	32893387	T	A	Heterozygous	yes	no	no
IR109-Columbia-2-IDMB66	1	17380502	C	G	Heterozygous	yes	no	no
IR109-Columbia-2-IDMB67	5	112175211	T	A	Heterozygous	yes	no	no
IR109-Columbia-2-IDMB69	9	135772085	G	T	Heterozygous	yes	no	no
IR109-Columbia-2-IDMB71	19	11231101	C	A	Heterozygous	yes	no	no
IR109-Columbia-2-IDMB72	14	94847262	T	A	Heterozygous	yes	no	no
IR109-Columbia-2-IDMB73	19	11216214	A	T	Heterozygous	yes	no	no
IR109-Columbia-2-IDMB74	14	94844866	G	A	Heterozygous	yes	no	no
IR109-Columbia-2-IDMB75	1	63063514	AAAG	A	Heterozygous	yes	no	no
IR109-Columbia-2-IDMB78	19	38937132	G	A	Heterozygous	yes	no	no
IR109-Columbia-2-IDMB78	5	112175211	T	A	Heterozygous	yes	no	no
IR109-Columbia-2-IDMB80	13	32937372	G	A	Heterozygous	yes	no	no
IR109-Columbia-2-IDMB81	14	94847262	T	A	Heterozygous	yes	no	no
IR109-Columbia-2-IDMB82	11	2609986	C	A	Heterozygous	yes	no	no
IR109-Columbia-2-IDMB82	18	58039494	G	A	Heterozygous	yes	no	no
IR109-Columbia-2-IDMB82	3	38591895	C	G	Heterozygous	yes	no	no
IR109-Columbia-2-IDMB83	7	117180336	C	G	Heterozygous	yes	no	no
IR109-Columbia-2-IDMB88	1	152285076	CACTG	C	Heterozygous	yes	no	no
IR109-Vanderbilt-2-IDMB94	6	7585230	G	A	Heterozygous	yes	no	no
IR109-Vanderbilt-2-IDMB96	19	11224427	T	G	Heterozygous	yes	no	no
IR109-Vanderbilt-2-IDMB96	22	29092948	G	A	Heterozygous	yes	no	no
IR111-Columbia-2-IDMB1	1	161332210	T	G	Heterozygous	yes	no	no
IR111-Columbia-2-IDMB1	13	32900270	C	T	Heterozygous	yes	no	no
IR111-Columbia-2-IDMB2	14	94847262	T	A	Heterozygous	yes	no	no
IR111-Columbia-2-IDMB2	5	112175211	T	A	Heterozygous	yes	no	no
IR111-Columbia-2-IDMB3	14	94847262	T	A	Heterozygous	yes	no	no
IR111-Columbia-2-IDMB3	3	123451869	A	C	Heterozygous	yes	no	no
IR111-Columbia-2-IDMB8	1	196659285	C	T	Heterozygous	yes	no	no
IR111-Columbia-2-IDMB10	1	237802462	G	A	Heterozygous	yes	no	no
IR111-Columbia-2-IDMB12	19	1223151	C	T	Heterozygous	yes	no	no
IR111-Columbia-2-IDMB13	12	133235891	C	CG	Heterozygous	yes	no	no
IR111-Columbia-2-IDMB13	2	21229265	A	G	Heterozygous	yes	no	no
IR111-Columbia-2-IDMB14	2	21228701	T	C	Heterozygous	yes	no	no
IR111-Columbia-2-IDMB16	22	29091856	AG	A	Heterozygous	yes	no	no
IR111-Columbia-2-IDMB18	14	94844947	C	T	Heterozygous	yes	no	no
IR111-Columbia-2-IDMB18	14	94847262	T	A	Heterozygous	yes	no	no
IR111-Columbia-2-IDMB20	13	32915249	CTT	C	Heterozygous	yes	no	no
IR111-Columbia-2-IDMB22	7	117232278	C	A	Heterozygous	yes	no	no
IR111-Columbia-2-IDMB24	14	94844866	G	A	Heterozygous	yes	no	no
IR111-Columbia-2-IDMB24	3	14176656	A	T	Heterozygous	yes	no	no
IR111-Columbia-2-IDMB25	7	117199683	G	A	Heterozygous	yes	no	no
IR111-Columbia-2-IDMB27	3	38597161	T	G	Heterozygous	yes	no	no
IR111-Columbia-2-IDMB28	12	121434193	C	A	Heterozygous	yes	no	no
IR111-Columbia-2-IDMB29	11	32439195	T	C	Heterozygous	yes	no	no
IR111-Columbia-2-IDMB29	13	32913335	CT	C	Heterozygous	yes	no	no
IR111-Columbia-2-IDMB30	14	94844947	C	T	Heterozygous	yes	no	no
IR111-Columbia-2-IDMB33	19	13395918	G	A	Heterozygous	yes	no	no
IR111-Columbia-2-IDMB35	13	32929186	C	T	Heterozygous	yes	no	no
IR111-Columbia-2-IDMB38	10	43608330	C	T	Heterozygous	yes	no	no
IR111-Columbia-2-IDMB39	14	94847262	T	A	Heterozygous	yes	no	no
IR111-Columbia-2-IDMB39	16	20352532	G	T	Heterozygous	yes	no	no
IR111-Columbia-2-IDMB43	16	23637631	C	T	Heterozygous	yes	no	no
IR111-Columbia-2-IDMB43	6	7542274	T	G	Heterozygous	yes	no	no
IR111-Columbia-2-IDMB45	14	94847262	T	A	Heterozygous	yes	no	no
IR111-Columbia-2-IDMB46	14	94847262	T	A	Heterozygous	yes	no	no
IR111-Columbia-2-IDMB47	14	94847262	T	A	Heterozygous	yes	no	no
IR111-Columbia-2-IDMB49	14	94847262	T	A	Heterozygous	yes	no	no
IR111-Columbia-2-IDMB50	14	94847262	T	A	Heterozygous	yes	no	no
IR111-Columbia-2-IDMB59	3	123419328	C	T	Heterozygous	yes	no	no
IR111-Columbia-2-IDMB60	7	117199644	ATCT	A	Heterozygous	yes	no	no
IR111-Columbia-2-IDMB61	7	117199644	ATCT	A	Heterozygous	yes	no	no
IR111-Columbia-2-IDMB63	7	117243663	C	T	Heterozygous	yes	no	no
IR111-Columbia-2-IDMB66	10	43610128	C	T	Heterozygous	yes	no	no
IR111-Columbia-2-IDMB66	19	11217344	T	A	Heterozygous	yes	no	no
IR111-Columbia-2-IDMB68	1	45796212	C	G	Heterozygous	yes	no	no
IR111-Columbia-2-IDMB70	5	112178756	C	T	Heterozygous	yes	no	no
IR111-Columbia-2-IDMB71	14	94844947	C	T	Heterozygous	yes	no	no
IR111-Columbia-2-IDMB72	3	123366150	T	C	Heterozygous	yes	no	no
IR111-Columbia-2-IDMB72	7	117175323	G	A	Heterozygous	yes	no	no
IR111-Columbia-2-IDMB73	1	196658642	T	C	Heterozygous	yes	no	no
IR111-Columbia-2-IDMB73	16	15811031	C	G	Heterozygous	yes	no	no
IR111-Columbia-2-IDMB75	3	123452945	G	A	Heterozygous	yes	no	no
IR111-Columbia-2-IDMB77	2	48032787	A	T	Heterozygous	yes	no	no
IR111-Columbia-2-IDMB77	7	6042242	C	T	Heterozygous	yes	no	no
IR111-Columbia-2-IDMB78	7	117171053	T	C	Heterozygous	yes	no	no
IR111-Columbia-2-IDMB80	2	203395530	T	C	Heterozygous	yes	no	no
IR111-Columbia-2-IDMB85	7	117171053	T	C	Heterozygous	yes	no	no
IR111-Columbia-2-IDMB86	3	123452879	G	T	Heterozygous	yes	no	no
IR111-Columbia-2-IDMB88	1	161293408	G	A	Heterozygous	yes	no	no
IR111-Columbia-2-IDMB89	1	11863019	C	T	Heterozygous	yes	no	no
IR111-Columbia-2-IDMB91	19	50918736	C	T	Heterozygous	yes	no	no
IR111-Columbia-2-IDMB93	7	117251770	A	G	Heterozygous	yes	no	no
IR111-Columbia-2-IDMB94	14	94847262	T	A	Heterozygous	yes	no	no
IR111-Columbia-2-IDMB95	14	94844947	C	T	Heterozygous	yes	no	no
IR111-Columbia-2-IDMB95	2	48028148	A	T	Heterozygous	yes	no	no
IR111-Columbia-2-IDMB96	14	94844947	C	T	Heterozygous	yes	no	no
IR111-Columbia-1-IDMB1	7	117180242	T	G	Heterozygous	yes	no	no
IR111-Columbia-1-IDMB3	14	94847262	T	A	Heterozygous	yes	no	no
IR111-Columbia-1-IDMB3	2	47703664	G	T	Heterozygous	yes	no	no
IR111-Columbia-1-IDMB4	5	112175211	T	A	Heterozygous	yes	no	no
IR111-Columbia-1-IDMB6	19	38976362	C	G	Heterozygous	yes	no	no
IR111-Columbia-1-IDMB7	3	38622693	C	T	Heterozygous	yes	no	no
IR111-Columbia-1-IDMB9	7	117199644	ATCT	A	Heterozygous	yes	no	no
IR111-Columbia-1-IDMB10	13	32914437	GT	G	Heterozygous	yes	no	no
IR111-Columbia-1-IDMB11	6	7568105	T	C	Heterozygous	yes	no	no
IR111-Columbia-1-IDMB12	7	117243663	C	T	Heterozygous	yes	no	no
IR111-Columbia-1-IDMB13	7	117250625	A	G	Heterozygous	yes	no	no
IR111-Columbia-1-IDMB17	1	201057053	T	C	Heterozygous	yes	no	no
IR111-Columbia-1-IDMB22	15	48779347	C	T	Heterozygous	yes	no	no
IR111-Columbia-1-IDMB24	14	94847262	T	A	Heterozygous	yes	no	no
IR111-Columbia-1-IDMB26	6	26093141	G	A	Heterozygous	yes	no	no
IR111-Columbia-1-IDMB28	19	38994941	G	A	Heterozygous	yes	no	no
IR111-Columbia-1-IDMB29	1	196716375	C	T	Heterozygous	yes	no	no
IR111-Columbia-1-IDMB30	19	13409384	G	T	Heterozygous	yes	no	no
IR111-Columbia-1-IDMB31	19	38954129	G	A	Heterozygous	yes	no	no
IR111-Columbia-1-IDMB31	7	117175323	G	A	Heterozygous	yes	no	no
IR111-Columbia-1-IDMB32	5	112090592	C	A	Heterozygous	yes	no	no
IR111-Columbia-1-IDMB33	14	94847262	T	A	Heterozygous	yes	no	no
IR111-Columbia-1-IDMB34	7	117232470	C	T	Heterozygous	yes	no	no
IR111-Columbia-1-IDMB34	9	135801021	T	A	Heterozygous	yes	no	no
IR111-Columbia-1-IDMB40	14	94847262	T	A	Heterozygous	yes	no	no
IR111-Columbia-1-IDMB40	17	41234517	G	A	Heterozygous	yes	no	no
IR111-Columbia-1-IDMB41	1	55524309	G	A	Heterozygous	yes	no	no
IR111-Columbia-1-IDMB41	14	94844947	C	T	Heterozygous	yes	no	no
IR111-Columbia-1-IDMB44	3	37061871	G	A	Heterozygous	yes	no	no
IR111-Columbia-1-IDMB46	1	152285076	CACTG	C	Heterozygous	yes	no	no
IR111-Columbia-1-IDMB48	19	55667684	A	G	Heterozygous	yes	no	no
IR111-Columbia-1-IDMB49	14	94847262	T	A	Heterozygous	yes	no	no
IR111-Columbia-1-IDMB52	14	94847262	T	A	Heterozygous	yes	no	no
IR111-Columbia-1-IDMB53	2	21255379	C	T	Heterozygous	yes	no	no
IR111-Columbia-1-IDMB60	10	43622035	C	A	Heterozygous	yes	no	no
IR111-Columbia-1-IDMB60	16	2121545	C	T	Heterozygous	yes	no	no
IR111-Columbia-1-IDMB63	11	111965545	G	A	Heterozygous	yes	no	no
IR111-Columbia-1-IDMB63	16	15797975	C	T	Heterozygous	yes	no	no
IR111-Columbia-1-IDMB64	3	38595835	C	T	Heterozygous	yes	no	no
IR111-Columbia-1-IDMB65	1	237947295	G	A	Heterozygous	yes	no	no
IR111-Columbia-1-IDMB65	18	58039203	G	A	Heterozygous	yes	no	no
IR111-Columbia-1-IDMB69	1	152278277	G	A	Heterozygous	yes	no	no
IR111-Columbia-1-IDMB71	22	29091207	G	A	Heterozygous	yes	no	no
IR111-Columbia-1-IDMB73	5	112174706	A	C	Heterozygous	yes	no	no
IR111-Columbia-1-IDMB78	14	94844947	C	T	Heterozygous	yes	no	no
IR111-Columbia-1-IDMB80	14	23884906	G	A	Heterozygous	yes	no	no
IR111-Columbia-1-IDMB80	17	41209094	C	A	Heterozygous	yes	no	no
IR111-Columbia-1-IDMB81	14	94847262	T	A	Heterozygous	yes	no	no
IR111-Columbia-1-IDMB81	16	2108843	C	T	Heterozygous	yes	no	no
IR111-Columbia-1-IDMB84	1	45798843	C	G	Heterozygous	yes	no	no
IR111-Columbia-1-IDMB86	14	94849388	G	A	Heterozygous	yes	no	no
IR111-Columbia-1-IDMB87	2	47703664	G	T	Heterozygous	yes	no	no
IR111-Columbia-1-IDMB91	2	189852838	C	T	Heterozygous	yes	no	no
IR111-Columbia-1-IDMB91	22	29121087	A	G	Heterozygous	yes	no	no
IR111-Columbia-1-IDMB92	2	48027016	A	G	Heterozygous	yes	no	no
IR112-Columbia-1-IDMB1	14	94847262	T	A	Heterozygous	yes	no	no
IR112-Columbia-1-IDMB2	19	1219387	C	T	Heterozygous	yes	no	no
IR112-Columbia-1-IDMB3	1	201058501	C	T	Heterozygous	yes	no	no
IR112-Columbia-1-IDMB3	7	117199683	G	A	Heterozygous	yes	no	no
IR112-Columbia-1-IDMB10	13	32930613	T	C	Heterozygous	yes	no	no
IR112-Columbia-1-IDMB12	17	41246532	T	G	Heterozygous	yes	no	no
IR112-Columbia-1-IDMB15	2	21238307	A	T	Heterozygous	yes	no	no
IR112-Columbia-1-IDMB17	1	152285076	CACTG	C	Heterozygous	yes	no	no
IR112-Columbia-1-IDMB17	2	21251385	A	G	Heterozygous	yes	no	no
IR112-Columbia-1-IDMB18	2	21238307	A	T	Heterozygous	yes	no	no
IR112-Columbia-1-IDMB19	14	94847286	T	A	Heterozygous	yes	no	no
IR112-Columbia-1-IDMB21	19	11233958	C	T	Heterozygous	yes	no	no
IR112-Columbia-1-IDMB22	14	23888742	C	T	Heterozygous	yes	no	no
IR112-Columbia-1-IDMB22	3	38616912	A	G	Heterozygous	yes	no	no
IR112-Columbia-1-IDMB26	14	94847262	T	A	Heterozygous	yes	no	no
IR112-Columbia-1-IDMB28	14	94847262	T	A	Heterozygous	yes	no	no
IR112-Columbia-1-IDMB30	4	114269433	A	G	Heterozygous	yes	no	no
IR112-Columbia-1-IDMB34	19	38987106	C	T	Heterozygous	yes	no	no
IR112-Columbia-1-IDMB34	2	21246432	C	T	Heterozygous	yes	no	no
IR112-Columbia-1-IDMB35	5	112175211	T	A	Heterozygous	yes	no	no
IR112-Columbia-1-IDMB35	7	117199644	ATCT	A	Heterozygous	yes	no	no
IR112-Columbia-1-IDMB38	16	23637631	C	T	Heterozygous	yes	no	no
IR112-Columbia-1-IDMB38	5	112175379	A	G	Heterozygous	yes	no	no
IR112-Columbia-1-IDMB38	7	117304834	G	T	Heterozygous	yes	no	no
IR112-Columbia-1-IDMB39	1	45798137	G	A	Heterozygous	yes	no	no
IR112-Columbia-1-IDMB43	7	117246808	G	A	Heterozygous	yes	no	no
IR112-Columbia-1-IDMB47	11	47361266	C	T	Heterozygous	yes	no	no
IR112-Columbia-1-IDMB51	16	15876259	C	T	Heterozygous	yes	no	no
IR112-Columbia-1-IDMB52	14	94847262	T	A	Heterozygous	yes	no	no
IR112-Columbia-1-IDMB52	2	47703602	A	C	Heterozygous	yes	no	no
IR112-Columbia-1-IDMB53	7	150645564	C	T	Heterozygous	yes	no	no
IR112-Columbia-1-IDMB54	14	23894051	C	T	Heterozygous	yes	no	no
IR112-Columbia-1-IDMB55	3	38592989	A	T	Heterozygous	yes	no	no
IR112-Columbia-1-IDMB56	13	32900270	C	T	Heterozygous	yes	no	no
IR112-Columbia-1-IDMB57	13	32900727	C	A	Heterozygous	yes	no	no
IR112-Columbia-1-IDMB57	14	94847262	T	A	Heterozygous	yes	no	no
IR112-Columbia-1-IDMB58	13	49030386	C	A	Heterozygous	yes	no	no
IR112-Columbia-1-IDMB58	17	41243532	T	C	Heterozygous	yes	no	no
IR112-Columbia-1-IDMB58	17	41256146	G	A	Heterozygous	yes	no	no
IR112-Columbia-1-IDMB59	19	39078010	T	C	Heterozygous	yes	no	no
IR112-Columbia-1-IDMB60	1	152285076	CACTG	C	Heterozygous	yes	no	no
IR112-Columbia-1-IDMB60	5	112175211	T	A	Heterozygous	yes	no	no
IR112-Columbia-1-IDMB61	12	33021983	C	T	Heterozygous	yes	no	no
IR112-Columbia-1-IDMB70	1	201046056	C	T	Heterozygous	yes	no	no
IR112-Columbia-1-IDMB71	19	13319751	CCCCGCTCCTGGT	C	Heterozygous	yes	no	no
IR112-Columbia-1-IDMB71	2	47630504	C	A	Heterozygous	yes	no	no
IR112-Columbia-1-IDMB71	3	123419166	A	G	Heterozygous	yes	no	no
IR112-Columbia-1-IDMB71	7	117254753	G	C	Heterozygous	yes	no	no
IR112-Columbia-1-IDMB72	9	135772011	C	T	Heterozygous	yes	no	no
IR112-Columbia-1-IDMB77	1	152281645	G	T	Heterozygous	yes	no	no
IR112-Columbia-1-IDMB77	12	33021904	A	G	Heterozygous	yes	no	no
IR112-Columbia-1-IDMB77	7	150642480	G	T	Heterozygous	yes	no	no
IR112-Columbia-1-IDMB78	13	49051499	T	C	Heterozygous	yes	no	no
IR112-Columbia-1-IDMB79	14	94847262	T	A	Heterozygous	yes	no	no
IR112-Columbia-1-IDMB79	19	38931451	G	T	Heterozygous	yes	no	no
IR112-Columbia-1-IDMB83	1	11856370	T	C	Heterozygous	yes	no	no
IR112-Columbia-1-IDMB83	11	2466392	G	T	Heterozygous	yes	no	no
IR112-Columbia-1-IDMB86	16	15841786	G	T	Heterozygous	yes	no	no
IR112-Columbia-1-IDMB88	1	152285076	CACTG	C	Heterozygous	yes	no	no
IR112-Columbia-1-IDMB90	2	48033790	G	GGTAACTAAC	Heterozygous	yes	no	no
IR112-Columbia-1-IDMB90	3	123452623	C	T	Heterozygous	yes	no	no
IR112-Columbia-1-IDMB95	1	152281522	C	T	Heterozygous	yes	no	no
IR112-Columbia-1-IDMB95	4	114269433	A	G	Heterozygous	yes	no	no
IR114-Columbia-2-IDMB1	7	117243663	C	T	Heterozygous	yes	no	no
IR114-Columbia-2-IDMB3	7	117180242	T	G	Heterozygous	yes	no	no
IR114-Columbia-2-IDMB6	14	94847262	T	A	Heterozygous	yes	no	no
IR114-Columbia-2-IDMB6	2	21228730	C	A	Heterozygous	yes	no	no
IR114-Columbia-2-IDMB8	14	94847262	T	A	Heterozygous	yes	no	no
IR114-Columbia-2-IDMB8	7	6017346	C	G	Heterozygous	yes	no	no
IR114-Columbia-2-IDMB9	14	94847262	T	A	Heterozygous	yes	no	no
IR114-Columbia-2-IDMB9	7	117175323	G	A	Heterozygous	yes	no	no
IR114-Columbia-2-IDMB10	14	94847262	T	A	Heterozygous	yes	no	no
IR114-Columbia-2-IDMB11	3	38598030	A	G	Heterozygous	yes	no	no
IR114-Columbia-2-IDMB15	1	237777799	A	G	Heterozygous	yes	no	no
IR114-Columbia-2-IDMB17	7	117175323	G	A	Heterozygous	yes	no	no
IR114-Columbia-2-IDMB19	13	32915133	C	T	Heterozygous	yes	no	no
IR114-Columbia-2-IDMB19	18	28660180	C	T	Heterozygous	yes	no	no
IR114-Columbia-2-IDMB25	12	48272894	C	T	Heterozygous	yes	no	no
IR114-Columbia-2-IDMB25	13	32915214	CAG	C	Heterozygous	yes	no	no
IR114-Columbia-2-IDMB25	19	39051859	G	A	Heterozygous	yes	no	no
IR114-Columbia-2-IDMB27	1	156085061	G	T	Heterozygous	yes	no	no
IR114-Columbia-2-IDMB28	16	2121545	C	T	Heterozygous	yes	no	no
IR114-Columbia-2-IDMB28	5	112177092	C	G	Heterozygous	yes	no	no
IR114-Columbia-2-IDMB32	16	20359802	T	C	Heterozygous	yes	no	no
IR114-Columbia-2-IDMB32	16	20359807	G	T	Heterozygous	yes	no	no
IR114-Columbia-2-IDMB33	12	133240967	G	C	Heterozygous	yes	no	no
IR114-Columbia-2-IDMB38	12	33030919	G	A	Heterozygous	yes	no	no
IR114-Columbia-2-IDMB39	1	152285076	CACTG	C	Heterozygous	yes	no	no
IR114-Columbia-2-IDMB41	3	123419508	T	C	Heterozygous	yes	no	no
IR114-Columbia-2-IDMB43	16	2121545	C	T	Heterozygous	yes	no	no
IR114-Columbia-2-IDMB49	2	21229160	C	T	Heterozygous	yes	no	no
IR114-Columbia-2-IDMB51	2	21229160	C	T	Heterozygous	yes	no	no
IR114-Columbia-2-IDMB52	19	1220601	G	A	Heterozygous	yes	no	no
IR114-Columbia-2-IDMB52	5	112176548	G	C	Heterozygous	yes	no	no
IR114-Columbia-2-IDMB52	9	135771940	G	C	Heterozygous	yes	no	no
IR114-Columbia-2-IDMB54	12	133214599	C	T	Heterozygous	yes	no	no
IR114-Columbia-2-IDMB54	7	117232278	C	A	Heterozygous	yes	no	no
IR114-Columbia-2-IDMB54	7	150644900	C	T	Heterozygous	yes	no	no
IR114-Columbia-2-IDMB55	19	13323229	G	T	Heterozygous	yes	no	no
IR114-Columbia-2-IDMB56	1	152285076	CACTG	C	Heterozygous	yes	no	no
IR114-Columbia-2-IDMB56	16	15850272	T	C	Heterozygous	yes	no	no
IR114-Columbia-2-IDMB62	19	13409412	G	T	Heterozygous	yes	no	no
IR114-Columbia-2-IDMB63	13	32906796	A	C	Heterozygous	yes	no	no
IR114-Columbia-2-IDMB64	16	15813514	C	G	Heterozygous	yes	no	no
IR114-Columbia-2-IDMB64	2	21230891	A	G	Heterozygous	yes	no	no
IR114-Columbia-2-IDMB64	6	7583049	C	T	Heterozygous	yes	no	no
IR114-Columbia-2-IDMB66	1	152281645	G	T	Heterozygous	yes	no	no
IR114-Columbia-2-IDMB66	2	48010439	G	A	Heterozygous	yes	no	no
IR114-Columbia-2-IDMB67	7	117180330	C	T	Heterozygous	yes	no	no
IR114-Columbia-2-IDMB68	15	67358671	T	C	Heterozygous	yes	no	no
IR114-Columbia-2-IDMB72	1	152285076	CACTG	C	Heterozygous	yes	no	no
IR114-Columbia-2-IDMB80	1	63063425	A	C	Heterozygous	yes	no	no
IR114-Columbia-2-IDMB80	1	63063514	AAAG	A	Heterozygous	yes	no	no
IR114-Columbia-2-IDMB81	19	39076790	C	G	Heterozygous	yes	no	no
IR114-Columbia-2-IDMB82	10	43606839	A	G	Heterozygous	yes	no	no
IR114-Columbia-2-IDMB82	17	41245573	G	C	Heterozygous	yes	no	no
IR114-Columbia-2-IDMB85	7	150645607	C	G	Heterozygous	yes	no	no
IR114-Columbia-2-IDMB86	1	152285076	CACTG	C	Heterozygous	yes	no	no
IR114-Columbia-2-IDMB87	1	63063514	AAAG	A	Heterozygous	yes	no	no
IR114-Columbia-2-IDMB89	7	117180242	T	G	Heterozygous	yes	no	no
IR114-Columbia-1-IDMB2	14	94844947	C	T	Heterozygous	yes	no	no
IR114-Columbia-1-IDMB2	17	68172247	G	T	Heterozygous	yes	no	no
IR114-Columbia-1-IDMB8	19	39002235	C	T	Heterozygous	yes	no	no
IR114-Columbia-1-IDMB12	2	48026032	G	A	Heterozygous	yes	no	no
IR114-Columbia-1-IDMB12	7	117199644	ATCT	A	Heterozygous	yes	no	no
IR114-Columbia-1-IDMB15	7	117180330	C	T	Heterozygous	yes	no	no
IR114-Columbia-1-IDMB16	18	29121161	C	T	Heterozygous	yes	no	no
IR114-Columbia-1-IDMB18	13	32912018	G	A	Heterozygous	yes	no	no
IR114-Columbia-1-IDMB19	19	38997483	C	A	Heterozygous	yes	no	no
IR114-Columbia-1-IDMB23	11	67816294	C	T	Heterozygous	yes	no	no
IR114-Columbia-1-IDMB23	19	38934395	A	G	Heterozygous	yes	no	no
IR114-Columbia-1-IDMB24	2	48033769	A	ATCAG	Heterozygous	yes	no	no
IR114-Columbia-1-IDMB26	7	117199644	ATCT	A	Heterozygous	yes	no	no
IR114-Columbia-1-IDMB29	5	112178000	C	T	Heterozygous	yes	no	no
IR114-Columbia-1-IDMB30	5	112175211	T	A	Heterozygous	yes	no	no
IR114-Columbia-1-IDMB31	17	41219631	T	G	Heterozygous	yes	no	no
IR114-Columbia-1-IDMB33	1	156105826	C	T	Heterozygous	yes	no	no
IR114-Columbia-1-IDMB34	7	117227832	G	T	Heterozygous	yes	no	no
IR114-Columbia-1-IDMB38	14	94847262	T	A	Heterozygous	yes	no	no
IR114-Columbia-1-IDMB38	18	29122565	C	T	Heterozygous	yes	no	no
IR114-Columbia-1-IDMB46	11	108206686	A	T	Heterozygous	yes	no	no
IR114-Columbia-1-IDMB47	1	196696050	C	A	Heterozygous	yes	no	no
IR114-Columbia-1-IDMB50	1	152281522	C	T	Heterozygous	yes	no	no
IR114-Columbia-1-IDMB50	19	13418965	C	T	Heterozygous	yes	no	no
IR114-Columbia-1-IDMB50	3	123366122	T	C	Heterozygous	yes	no	no
IR114-Columbia-1-IDMB51	13	32900408	A	G	Heterozygous	yes	no	no
IR114-Columbia-1-IDMB52	13	32911794	A	G	Heterozygous	yes	no	no
IR114-Columbia-1-IDMB57	16	2127709	C	G	Heterozygous	yes	no	no
IR114-Columbia-1-IDMB58	2	48033759	G	C	Heterozygous	yes	no	no
IR114-Columbia-1-IDMB60	1	201061139	G	A	Heterozygous	yes	no	no
IR114-Columbia-1-IDMB63	6	7585059	A	G	Heterozygous	yes	no	no
IR114-Columbia-1-IDMB66	1	237806708	G	T	Heterozygous	yes	no	no
IR114-Columbia-1-IDMB69	16	2138277	C	T	Heterozygous	yes	no	no
IR114-Columbia-1-IDMB70	11	47357547	G	A	Heterozygous	yes	no	no
IR114-Columbia-1-IDMB71	19	39063944	C	T	Heterozygous	yes	no	no
IR114-Columbia-1-IDMB74	1	196712620	T	C	Heterozygous	yes	no	no
IR114-Columbia-1-IDMB74	1	196712626	G	C	Heterozygous	yes	no	no
IR114-Columbia-1-IDMB74	12	121416835	G	A	Heterozygous	yes	no	no
IR114-Columbia-1-IDMB75	12	32993981	T	C	Heterozygous	yes	no	no
IR114-Columbia-1-IDMB77	12	33003840	C	T	Heterozygous	yes	no	no
IR114-Columbia-1-IDMB77	7	117199644	ATCT	A	Heterozygous	yes	no	no
IR114-Columbia-1-IDMB78	17	68171493	T	A	Heterozygous	yes	no	no
IR114-Columbia-1-IDMB78	4	114286282	G	T	Heterozygous	yes	no	no
IR114-Columbia-1-IDMB78	7	150655425	T	C	Heterozygous	yes	no	no
IR114-Columbia-1-IDMB83	3	38592108	G	A	Heterozygous	yes	no	no
IR114-Columbia-1-IDMB86	1	201031160	C	T	Heterozygous	yes	no	no
IR114-Columbia-1-IDMB86	7	117267766	C	T	Heterozygous	yes	no	no
IR114-Columbia-1-IDMB89	1	152281645	G	T	Heterozygous	yes	no	no
IR114-Columbia-1-IDMB91	19	39056212	G	A	Heterozygous	yes	no	no
IR114-Columbia-1-IDMB91	6	7542290	A	G	Heterozygous	yes	no	no
IR114-Columbia-1-IDMB92	10	88649875	A	G	Heterozygous	yes	no	no
IR114-Columbia-1-IDMB92	7	117199644	ATCT	A	Heterozygous	yes	no	no
IR114-Columbia-1-IDMB93	2	21233387	A	G	Heterozygous	yes	no	no
IR114-Vanderbilt-2-IDMB96	21	35821680	C	T	Heterozygous	yes	no	no
IR115-Columbia-1-IDMB6	14	94847262	T	A	Heterozygous	yes	no	no
IR115-Columbia-1-IDMB9	2	48033759	GAGA	G	Heterozygous	yes	no	no
IR115-Columbia-1-IDMB12	16	2136326	G	C	Heterozygous	yes	no	no
IR115-Columbia-1-IDMB15	3	123401097	G	A	Heterozygous	yes	no	no
IR115-Columbia-1-IDMB20	7	117199644	ATCT	A	Heterozygous	yes	no	no
IR115-Columbia-1-IDMB21	2	21235041	C	T	Heterozygous	yes	no	no
IR115-Columbia-1-IDMB22	7	117180242	T	G	Heterozygous	yes	no	no
IR115-Columbia-1-IDMB23	14	94844947	C	T	Heterozygous	yes	no	no
IR115-Columbia-1-IDMB23	22	29091856	AG	A	Heterozygous	yes	no	no
IR115-Columbia-1-IDMB30	14	94847262	T	A	Heterozygous	yes	no	no
IR115-Columbia-1-IDMB31	3	123419554	C	T	Heterozygous	yes	no	no
IR115-Columbia-1-IDMB34	1	201061159	A	G	Heterozygous	yes	no	no
IR115-Columbia-1-IDMB35	1	152285076	CACTG	C	Heterozygous	yes	no	no
IR115-Columbia-1-IDMB35	13	32914437	GT	G	Heterozygous	yes	no	no
IR115-Columbia-1-IDMB37	19	50905358	C	T	Heterozygous	yes	no	no
IR115-Columbia-1-IDMB39	5	112175211	T	A	Heterozygous	yes	no	no
IR115-Columbia-1-IDMB40	12	121416878	G	A	Heterozygous	yes	no	no
IR115-Columbia-1-IDMB40	15	67457337	G	A	Heterozygous	yes	no	no
IR115-Columbia-1-IDMB47	14	94844947	C	T	Heterozygous	yes	no	no
IR115-Columbia-1-IDMB48	6	7562954	G	A	Heterozygous	yes	no	no
IR115-Columbia-1-IDMB50	14	94847262	T	A	Heterozygous	yes	no	no
IR115-Columbia-1-IDMB50	2	167137018	A	T	Heterozygous	yes	no	no
IR115-Columbia-1-IDMB51	14	94847262	T	A	Heterozygous	yes	no	no
IR115-Columbia-1-IDMB52	5	112175211	T	A	Heterozygous	yes	no	no
IR115-Columbia-1-IDMB52	7	117243663	C	T	Heterozygous	yes	no	no
IR115-Columbia-1-IDMB53	13	32906440	A	T	Heterozygous	yes	no	no
IR115-Columbia-1-IDMB54	3	38592591	TG	T	Heterozygous	yes	no	no
IR115-Columbia-1-IDMB57	7	117227832	G	T	Heterozygous	yes	no	no
IR115-Columbia-1-IDMB58	1	152285076	CACTG	C	Heterozygous	yes	no	no
IR115-Columbia-1-IDMB60	11	2683232	T	C	Heterozygous	yes	no	no
IR115-Columbia-1-IDMB60	16	15841518	C	T	Heterozygous	yes	no	no
IR115-Columbia-1-IDMB61	7	117199578	A	T	Heterozygous	yes	no	no
IR115-Columbia-1-IDMB64	17	41245886	C	G	Heterozygous	yes	no	no
IR115-Columbia-1-IDMB66	18	29104735	G	A	Heterozygous	yes	no	no
IR115-Columbia-1-IDMB66	21	35821640	C	T	Heterozygous	yes	no	no
IR115-Columbia-1-IDMB67	14	94847262	T	A	Heterozygous	yes	no	no
IR115-Columbia-1-IDMB70	2	189857619	C	T	Heterozygous	yes	no	no
IR115-Columbia-1-IDMB70	7	117171037	G	A	Heterozygous	yes	no	no
IR115-Columbia-1-IDMB74	11	47364188	G	C	Heterozygous	yes	no	no
IR115-Columbia-1-IDMB77	10	88659636	C	T	Heterozygous	yes	no	no
IR115-Columbia-1-IDMB77	19	11230879	G	A	Heterozygous	yes	no	no
IR115-Columbia-1-IDMB78	7	117175323	G	A	Heterozygous	yes	no	no
IR115-Columbia-1-IDMB79	19	38980882	G	A	Heterozygous	yes	no	no
IR115-Columbia-1-IDMB81	11	47360203	G	A	Heterozygous	yes	no	no
IR115-Columbia-1-IDMB82	1	196706760	G	C	Heterozygous	yes	no	no
IR115-Columbia-1-IDMB82	16	2121583	G	A	Heterozygous	yes	no	no
IR115-Columbia-1-IDMB82	17	41244052	C	G	Heterozygous	yes	no	no
IR115-Columbia-1-IDMB82	19	13319727	C	T	Heterozygous	yes	no	no
IR115-Columbia-1-IDMB88	1	45798843	C	G	Heterozygous	yes	no	no
IR115-Columbia-1-IDMB89	18	29126300	C	G	Heterozygous	yes	no	no
IR115-Columbia-1-IDMB89	19	39052030	G	A	Heterozygous	yes	no	no
IR115-Columbia-1-IDMB90	19	38991307	C	T	Heterozygous	yes	no	no
IR115-Columbia-1-IDMB93	19	11221414	G	A	Heterozygous	yes	no	no
IR115-Columbia-1-IDMB94	13	32914437	GT	G	Heterozygous	yes	no	no
IR117-Columbia-1-IDMB1	1	152285076	CACTG	C	Heterozygous	yes	no	no
IR117-Columbia-1-IDMB1	18	29126581	G	A	Heterozygous	yes	no	no
IR117-Columbia-1-IDMB2	14	94847262	T	A	Heterozygous	yes	no	no
IR117-Columbia-1-IDMB5	1	196712674	C	G	Heterozygous	yes	no	no
IR117-Columbia-1-IDMB7	1	196706662	G	T	Heterozygous	yes	no	no
IR117-Columbia-1-IDMB13	5	112174659	A	C	Heterozygous	yes	no	no
IR117-Columbia-1-IDMB14	14	94847262	T	A	Heterozygous	yes	no	no
IR117-Columbia-1-IDMB17	7	117175323	G	A	Heterozygous	yes	no	no
IR117-Columbia-1-IDMB18	19	13409755	C	T	Heterozygous	yes	no	no
IR117-Columbia-1-IDMB21	2	21225611	AGTACC	A	Heterozygous	yes	no	no
IR117-Columbia-1-IDMB24	1	152281645	G	T	Heterozygous	yes	no	no
IR117-Columbia-1-IDMB26	14	94847262	T	A	Heterozygous	yes	no	no
IR117-Columbia-1-IDMB27	1	156104216	C	G	Heterozygous	yes	no	no
IR117-Columbia-1-IDMB33	19	38951020	G	A	Heterozygous	yes	no	no
IR117-Columbia-1-IDMB34	1	237872818	A	C	Heterozygous	yes	no	no
IR117-Columbia-1-IDMB39	9	135797355	C	T	Heterozygous	yes	no	no
IR117-Columbia-1-IDMB41	1	237791138	G	T	Heterozygous	yes	no	no
IR117-Columbia-1-IDMB43	14	94844947	C	T	Heterozygous	yes	no	no
IR117-Columbia-1-IDMB43	2	166868784	T	G	Heterozygous	yes	no	no
IR117-Columbia-1-IDMB44	1	156108298	C	T	Heterozygous	yes	no	no
IR117-Columbia-1-IDMB44	17	7572932	C	G	Heterozygous	yes	no	no
IR117-Columbia-1-IDMB45	22	29091207	G	A	Heterozygous	yes	no	no
IR117-Columbia-1-IDMB47	2	21232014	G	A	Heterozygous	yes	no	no
IR117-Columbia-1-IDMB48	13	32911887	A	G	Heterozygous	yes	no	no
IR117-Columbia-1-IDMB49	22	29090030	G	A	Heterozygous	yes	no	no
IR117-Columbia-1-IDMB55	1	196711173	C	T	Heterozygous	yes	no	no
IR117-Columbia-1-IDMB55	11	47373058	T	C	Heterozygous	yes	no	no
IR117-Columbia-1-IDMB55	2	47707901	A	G	Heterozygous	yes	no	no
IR117-Columbia-1-IDMB56	16	15818773	G	A	Heterozygous	yes	no	no
IR117-Columbia-1-IDMB56	7	117199644	ATCT	A	Heterozygous	yes	no	no
IR117-Columbia-1-IDMB63	14	94844947	C	T	Heterozygous	yes	no	no
IR117-Columbia-1-IDMB63	6	7583037	A	G	Heterozygous	yes	no	no
IR117-Columbia-1-IDMB64	1	152278277	G	A	Heterozygous	yes	no	no
IR117-Columbia-1-IDMB72	12	133202738	C	A	Heterozygous	yes	no	no
IR117-Columbia-1-IDMB72	3	10191615	A	G	Heterozygous	yes	no	no
IR117-Columbia-1-IDMB74	14	23888698	C	T	Heterozygous	yes	no	no
IR117-Columbia-1-IDMB78	15	48905269	C	T	Heterozygous	yes	no	no
IR117-Columbia-1-IDMB79	19	11224296	G	A	Heterozygous	yes	no	no
IR117-Columbia-1-IDMB79	9	135779833	A	G	Heterozygous	yes	no	no
IR117-Columbia-1-IDMB81	19	39070718	G	C	Heterozygous	yes	no	no
IR117-Columbia-1-IDMB81	2	48027530	A	G	Heterozygous	yes	no	no
IR117-Columbia-1-IDMB83	18	28666635	G	C	Heterozygous	yes	no	no
IR117-Columbia-1-IDMB85	7	117234999	G	T	Heterozygous	yes	no	no
IR117-Columbia-1-IDMB86	7	117232155	T	A	Heterozygous	yes	no	no
IR117-Columbia-1-IDMB88	16	23647352	G	A	Heterozygous	yes	no	no
IR117-Columbia-1-IDMB88	7	117254753	G	C	Heterozygous	yes	no	no
IR117-Columbia-1-IDMB88	7	151478510	C	A	Heterozygous	yes	no	no
IR117-Columbia-1-IDMB89	11	108160371	G	A	Heterozygous	yes	no	no
IR117-Columbia-1-IDMB95	22	29091207	G	A	Heterozygous	yes	no	no
IR117-Columbia-1-IDMB96	13	49033865	C	A	Heterozygous	yes	no	no
IR117-Columbia-2-IDMB2	22	29107974	C	T	Heterozygous	yes	no	no
IR117-Columbia-2-IDMB3	16	20360114	C	T	Heterozygous	yes	no	no
IR117-Columbia-2-IDMB4	1	201031157	A	C	Heterozygous	yes	no	no
IR117-Columbia-2-IDMB12	10	43607597	C	G	Heterozygous	yes	no	no
IR117-Columbia-2-IDMB13	1	237664074	G	A	Heterozygous	yes	no	no
IR117-Columbia-2-IDMB14	5	112175211	T	A	Heterozygous	yes	no	no
IR117-Columbia-2-IDMB14	7	117243663	C	T	Heterozygous	yes	no	no
IR117-Columbia-2-IDMB17	2	47710084	C	A	Heterozygous	yes	no	no
IR117-Columbia-2-IDMB19	10	88676964	T	C	Heterozygous	yes	no	no
IR117-Columbia-2-IDMB20	2	48033423	A	G	Heterozygous	yes	no	no
IR117-Columbia-2-IDMB23	3	37035043	C	T	Heterozygous	yes	no	no
IR117-Columbia-2-IDMB24	10	43610128	C	T	Heterozygous	yes	no	no
IR117-Columbia-2-IDMB26	9	135781415	C	T	Heterozygous	yes	no	no
IR117-Columbia-2-IDMB27	15	67477161	G	A	Heterozygous	yes	no	no
IR117-Columbia-2-IDMB27	5	112175211	T	A	Heterozygous	yes	no	no
IR117-Columbia-2-IDMB27	7	150647454	G	A	Heterozygous	yes	no	no
IR117-Columbia-2-IDMB28	17	41223183	C	G	Heterozygous	yes	no	no
IR117-Columbia-2-IDMB31	18	28648010	T	C	Heterozygous	yes	no	no
IR117-Columbia-2-IDMB32	7	151372531	G	A	Heterozygous	yes	no	no
IR117-Columbia-2-IDMB33	3	37035058	T	A	Heterozygous	yes	no	no
IR117-Columbia-2-IDMB33	6	7580832	A	G	Heterozygous	yes	no	no
IR117-Columbia-2-IDMB34	1	55529056	C	A	Heterozygous	yes	no	no
IR117-Columbia-2-IDMB34	18	29118830	G	C	Heterozygous	yes	no	no
IR117-Columbia-2-IDMB34	19	39018302	T	G	Heterozygous	yes	no	no
IR117-Columbia-2-IDMB38	6	7584348	C	A	Heterozygous	yes	no	no
IR117-Columbia-2-IDMB41	19	39026028	T	G	Heterozygous	yes	no	no
IR117-Columbia-2-IDMB41	6	7581422	C	A	Heterozygous	yes	no	no
IR117-Columbia-2-IDMB48	14	94847262	T	A	Heterozygous	yes	no	no
IR117-Columbia-2-IDMB50	13	32905141	C	T	Heterozygous	yes	no	no
IR117-Columbia-2-IDMB51	1	237664074	G	A	Heterozygous	yes	no	no
IR117-Columbia-2-IDMB52	14	94847262	T	A	Heterozygous	yes	no	no
IR117-Columbia-2-IDMB56	4	114269433	A	G	Heterozygous	yes	no	no
IR117-Columbia-2-IDMB59	7	117243663	C	T	Heterozygous	yes	no	no
IR117-Columbia-2-IDMB65	14	94844947	C	T	Heterozygous	yes	no	no
IR117-Columbia-2-IDMB65	5	112175211	T	A	Heterozygous	yes	no	no
IR117-Columbia-2-IDMB69	14	94847262	T	A	Heterozygous	yes	no	no
IR117-Columbia-2-IDMB71	10	90707098	C	T	Heterozygous	yes	no	no
IR117-Columbia-2-IDMB73	13	32906693	C	G	Heterozygous	yes	no	no
IR117-Columbia-2-IDMB77	7	117175323	G	A	Heterozygous	yes	no	no
IR117-Columbia-2-IDMB78	2	21225611	AGTACC	A	Heterozygous	yes	no	no
IR117-Columbia-2-IDMB79	14	94847262	T	A	Heterozygous	yes	no	no
IR117-Columbia-2-IDMB82	19	39027397	T	G	Heterozygous	yes	no	no
IR117-Columbia-2-IDMB85	17	41244328	T	C	Heterozygous	yes	no	no
IR117-Columbia-2-IDMB89	7	117243663	C	T	Heterozygous	yes	no	no
IR117-Columbia-2-IDMB91	1	152281522	C	T	Heterozygous	yes	no	no
IR117-Columbia-2-IDMB91	16	2112538	C	G	Heterozygous	yes	no	no
IR117-Columbia-2-IDMB92	14	94847262	T	A	Heterozygous	yes	no	no
IR117-Columbia-2-IDMB94	2	21236397	C	T	Heterozygous	yes	no	no
IR117-Columbia-2-IDMB95	19	38987106	C	T	Heterozygous	yes	no	no
IR117-Columbia-2-IDMB96	5	112175211	T	A	Heterozygous	yes	no	no
IR118-Columbia-2-IDMB27	1	152285076	CACTG	C	Heterozygous	yes	no	no
IR118-Columbia-2-IDMB2	7	117144378	C	T	Heterozygous	yes	no	no
IR118-Columbia-2-IDMB3	16	2135279	T	C	Heterozygous	yes	no	no
IR118-Columbia-2-IDMB3	7	117199640	TATC	T	Heterozygous	yes	no	no
IR118-Columbia-2-IDMB6	12	121432125	C	G	Heterozygous	yes	no	no
IR118-Columbia-2-IDMB7	14	94844947	C	T	Heterozygous	yes	no	no
IR118-Columbia-2-IDMB8	14	94844947	C	T	Heterozygous	yes	no	no
IR118-Columbia-2-IDMB8	2	203395530	T	C	Heterozygous	yes	no	no
IR118-Columbia-2-IDMB8	7	150644006	C	T	Heterozygous	yes	no	no
IR118-Columbia-2-IDMB9	1	237550633	C	T	Heterozygous	yes	no	no
IR118-Columbia-2-IDMB10	13	32907500	C	T	Heterozygous	yes	no	no
IR118-Columbia-2-IDMB11	16	23614828	C	G	Heterozygous	yes	no	no
IR118-Columbia-2-IDMB15	14	94847286	T	A	Heterozygous	yes	no	no
IR118-Columbia-2-IDMB15	3	123385095	T	C	Heterozygous	yes	no	no
IR118-Columbia-2-IDMB16	12	32974373	A	G	Heterozygous	yes	no	no
IR118-Columbia-2-IDMB17	10	43598065	A	T	Heterozygous	yes	no	no
IR118-Columbia-2-IDMB18	2	189851825	G	C	Heterozygous	yes	no	no
IR118-Columbia-2-IDMB22	7	117174422	A	G	Heterozygous	yes	no	no
IR118-Columbia-2-IDMB23	13	32945092	G	A	Heterozygous	yes	no	no
IR118-Columbia-2-IDMB24	16	2138277	C	T	Heterozygous	yes	no	no
IR118-Columbia-2-IDMB24	16	23637631	C	T	Heterozygous	yes	no	no
IR118-Columbia-2-IDMB24	2	21229569	T	C	Heterozygous	yes	no	no
IR118-Columbia-2-IDMB28	14	94847262	T	A	Heterozygous	yes	no	no
IR118-Columbia-2-IDMB29	1	45797935	T	G	Heterozygous	yes	no	no
IR118-Columbia-2-IDMB32	1	152285076	CACTG	C	Heterozygous	yes	no	no
IR118-Columbia-2-IDMB32	3	37091980	G	A	Heterozygous	yes	no	no
IR118-Columbia-2-IDMB33	5	112175570	C	G	Heterozygous	yes	no	no
IR118-Columbia-2-IDMB33	7	117243663	C	T	Heterozygous	yes	no	no
IR118-Columbia-2-IDMB34	22	29091207	G	A	Heterozygous	yes	no	no
IR118-Columbia-2-IDMB34	3	123366170	C	T	Heterozygous	yes	no	no
IR118-Columbia-2-IDMB43	10	43612061	G	T	Heterozygous	yes	no	no
IR118-Columbia-2-IDMB46	19	39056138	C	A	Heterozygous	yes	no	no
IR118-Columbia-2-IDMB48	5	112175211	T	A	Heterozygous	yes	no	no
IR118-Columbia-2-IDMB49	7	117171029	G	A	Heterozygous	yes	no	no
IR118-Columbia-2-IDMB51	1	152285076	CACTG	C	Heterozygous	yes	no	no
IR118-Columbia-2-IDMB55	1	55505684	C	G	Heterozygous	yes	no	no
IR118-Columbia-2-IDMB56	7	117199644	ATCT	A	Heterozygous	yes	no	no
IR118-Columbia-2-IDMB57	14	23889229	T	A	Heterozygous	yes	no	no
IR118-Columbia-2-IDMB57	19	39051879	G	C	Heterozygous	yes	no	no
IR118-Columbia-2-IDMB58	22	29121087	A	G	Heterozygous	yes	no	no
IR118-Columbia-2-IDMB58	7	117144426	A	T	Heterozygous	yes	no	no
IR118-Columbia-2-IDMB61	22	29090030	G	A	Heterozygous	yes	no	no
IR118-Columbia-2-IDMB64	5	112175211	T	A	Heterozygous	yes	no	no
IR118-Columbia-2-IDMB64	7	117180242	T	G	Heterozygous	yes	no	no
IR118-Columbia-2-IDMB64	7	117292931	C	G	Heterozygous	yes	no	no
IR118-Columbia-2-IDMB66	11	2604756	CCTT	C	Heterozygous	yes	no	no
IR118-Columbia-2-IDMB66	2	21232865	A	G	Heterozygous	yes	no	no
IR118-Columbia-2-IDMB67	17	41219627	G	A	Heterozygous	yes	no	no
IR118-Columbia-2-IDMB67	2	189849681	C	T	Heterozygous	yes	no	no
IR118-Columbia-2-IDMB71	14	23896982	C	T	Heterozygous	yes	no	no
IR118-Columbia-2-IDMB80	5	112175211	T	A	Heterozygous	yes	no	no
IR118-Columbia-2-IDMB83	1	152285076	CACTG	C	Heterozygous	yes	no	no
IR118-Columbia-2-IDMB84	19	38985139	C	T	Heterozygous	yes	no	no
IR118-Columbia-2-IDMB88	10	43597813	G	A	Heterozygous	yes	no	no
IR118-Columbia-2-IDMB88	14	23885457	G	T	Heterozygous	yes	no	no
IR118-Columbia-2-IDMB89	1	201332531	C	G	Heterozygous	yes	no	no
IR118-Columbia-2-IDMB90	10	43613906	G	T	Heterozygous	yes	no	no
IR118-Columbia-2-IDMB91	7	117227792	G	A	Heterozygous	yes	no	no
IR118-Columbia-2-IDMB92	1	196716375	C	T	Heterozygous	yes	no	no
IR118-Columbia-2-IDMB92	14	94844947	C	T	Heterozygous	yes	no	no
IR118-Columbia-2-IDMB92	19	38946127	T	C	Heterozygous	yes	no	no
IR118-Columbia-2-IDMB93	14	94847262	T	A	Heterozygous	yes	no	no
IR118-Columbia-2-IDMB96	14	23902920	C	T	Heterozygous	yes	no	no
IR120-Columbia-1-IDMB1	11	47369415	G	A	Heterozygous	yes	no	no
IR120-Columbia-1-IDMB2	14	94847262	T	A	Heterozygous	yes	no	no
IR120-Columbia-1-IDMB3	14	94844947	C	T	Heterozygous	yes	no	no
IR120-Columbia-1-IDMB5	5	112175211	T	A	Heterozygous	yes	no	no
IR120-Columbia-1-IDMB6	1	45799189	A	G	Heterozygous	yes	no	no
IR120-Columbia-1-IDMB10	17	41276044	ACT	A	Heterozygous	yes	no	no
IR120-Columbia-1-IDMB11	7	117243663	C	T	Heterozygous	yes	no	no
IR120-Columbia-1-IDMB12	19	38935318	G	T	Heterozygous	yes	no	no
IR120-Columbia-1-IDMB13	14	94844947	C	T	Heterozygous	yes	no	no
IR120-Columbia-1-IDMB14	2	167137018	A	T	Heterozygous	yes	no	no
IR120-Columbia-1-IDMB17	14	94844947	C	T	Heterozygous	yes	no	no
IR120-Columbia-1-IDMB21	14	94847262	T	A	Heterozygous	yes	no	no
IR120-Columbia-1-IDMB21	19	13397644	C	T	Heterozygous	yes	no	no
IR120-Columbia-1-IDMB24	3	38616916	C	T	Heterozygous	yes	no	no
IR120-Columbia-1-IDMB25	14	94844947	C	T	Heterozygous	yes	no	no
IR120-Columbia-1-IDMB28	14	94847262	T	A	Heterozygous	yes	no	no
IR120-Columbia-1-IDMB29	7	151292507	C	T	Heterozygous	yes	no	no
IR120-Columbia-1-IDMB31	3	38622640	A	G	Heterozygous	yes	no	no
IR120-Columbia-1-IDMB32	1	152277218	G	A	Heterozygous	yes	no	no
IR120-Columbia-1-IDMB33	12	121432118	C	G	Heterozygous	yes	no	no
IR120-Columbia-1-IDMB34	16	2122881	G	A	Heterozygous	yes	no	no
IR120-Columbia-1-IDMB38	1	63063425	A	C	Heterozygous	yes	no	no
IR120-Columbia-1-IDMB38	3	38620913	G	T	Heterozygous	yes	no	no
IR120-Columbia-1-IDMB40	1	237666713	A	G	Heterozygous	yes	no	no
IR120-Columbia-1-IDMB41	13	32914568	A	T	Heterozygous	yes	no	no
IR120-Columbia-1-IDMB43	10	43622035	C	A	Heterozygous	yes	no	no
IR120-Columbia-1-IDMB44	19	38995671	T	C	Heterozygous	yes	no	no
IR120-Columbia-1-IDMB44	7	117199644	ATCT	A	Heterozygous	yes	no	no
IR120-Columbia-1-IDMB45	1	152285076	CACTG	C	Heterozygous	yes	no	no
IR120-Columbia-1-IDMB45	6	7586001	G	A	Heterozygous	yes	no	no
IR120-Columbia-1-IDMB48	12	32974441	G	C	Heterozygous	yes	no	no
IR120-Columbia-1-IDMB49	19	50919935	C	A	Heterozygous	yes	no	no
IR120-Columbia-1-IDMB50	19	13319751	CCCCGCTCCTGGT	C	Heterozygous	yes	no	no
IR120-Columbia-1-IDMB51	11	67808859	A	T	Heterozygous	yes	no	no
IR120-Columbia-1-IDMB52	18	58039203	G	A	Heterozygous	yes	no	no
IR120-Columbia-1-IDMB52	7	117243663	C	T	Heterozygous	yes	no	no
IR120-Columbia-1-IDMB59	14	94844947	C	T	Heterozygous	yes	no	no
IR120-Columbia-1-IDMB59	22	29091207	G	A	Heterozygous	yes	no	no
IR120-Columbia-1-IDMB61	18	28650792	C	T	Heterozygous	yes	no	no
IR120-Columbia-1-IDMB66	1	152280098	C	A	Heterozygous	yes	no	no
IR120-Columbia-1-IDMB66	11	47355150	C	T	Heterozygous	yes	no	no
IR120-Columbia-1-IDMB67	2	48030630	C	T	Heterozygous	yes	no	no
IR120-Columbia-1-IDMB68	1	196716387	T	A	Heterozygous	yes	no	no
IR120-Columbia-1-IDMB68	18	28648097	A	G	Heterozygous	yes	no	no
IR120-Columbia-1-IDMB69	1	152280113	G	A	Heterozygous	yes	no	no
IR120-Columbia-1-IDMB69	11	47356737	G	C	Heterozygous	yes	no	no
IR120-Columbia-1-IDMB69	7	6013117	CA	C	Heterozygous	yes	no	no
IR120-Columbia-1-IDMB70	6	7583532	C	T	Heterozygous	yes	no	no
IR120-Columbia-1-IDMB71	19	50910307	G	A	Heterozygous	yes	no	no
IR120-Columbia-1-IDMB72	10	43620422	A	G	Heterozygous	yes	no	no
IR120-Columbia-1-IDMB72	7	117199644	ATCT	A	Heterozygous	yes	no	no
IR120-Columbia-1-IDMB78	3	37070379	G	A	Heterozygous	yes	no	no
IR120-Columbia-1-IDMB81	2	203421084	G	A	Heterozygous	yes	no	no
IR120-Columbia-1-IDMB82	2	189852838	C	T	Heterozygous	yes	no	no
IR120-Columbia-1-IDMB86	19	38958304	A	C	Heterozygous	yes	no	no
IR120-Columbia-1-IDMB87	7	117199644	ATCT	A	Heterozygous	yes	no	no
IR120-Columbia-1-IDMB88	15	67457247	G	A	Heterozygous	yes	no	no
IR120-Columbia-1-IDMB95	1	152285076	CACTG	C	Heterozygous	yes	no	no
IR120-Columbia-2-IDMB1	14	94847262	T	A	Heterozygous	yes	no	no
IR120-Columbia-2-IDMB3	18	28666579	G	A	Heterozygous	yes	no	no
IR120-Columbia-2-IDMB6	14	94847262	T	A	Heterozygous	yes	no	no
IR120-Columbia-2-IDMB7	1	237872811	G	A	Heterozygous	yes	no	no
IR120-Columbia-2-IDMB7	19	38995676	T	G	Heterozygous	yes	no	no
IR120-Columbia-2-IDMB8	2	47641427	C	G	Heterozygous	yes	no	no
IR120-Columbia-2-IDMB9	6	7568137	G	A	Heterozygous	yes	no	no
IR120-Columbia-2-IDMB10	7	150648010	G	A	Heterozygous	yes	no	no
IR120-Columbia-2-IDMB11	12	133218976	G	GA	Heterozygous	yes	no	no
IR120-Columbia-2-IDMB13	14	94847262	T	A	Heterozygous	yes	no	no
IR120-Columbia-2-IDMB14	19	50902203	C	A	Heterozygous	yes	no	no
IR120-Columbia-2-IDMB14	2	189851845	G	A	Heterozygous	yes	no	no
IR120-Columbia-2-IDMB16	7	117180327	T	A	Heterozygous	yes	no	no
IR120-Columbia-2-IDMB18	1	237948090	T	G	Heterozygous	yes	no	no
IR120-Columbia-2-IDMB18	19	11213414	T	C	Heterozygous	yes	no	no
IR120-Columbia-2-IDMB18	X	100662935	G	A	Heterozygous	yes	no	no
IR120-Columbia-2-IDMB19	11	64572234	C	G	Heterozygous	yes	no	no
IR120-Columbia-2-IDMB20	12	32976990	G	T	Heterozygous	yes	no	no
IR120-Columbia-2-IDMB23	7	117230411	G	C	Heterozygous	yes	no	no
IR120-Columbia-2-IDMB24	11	111959632	G	A	Heterozygous	yes	no	no
IR120-Columbia-2-IDMB25	14	94847262	T	A	Heterozygous	yes	no	no
IR120-Columbia-2-IDMB25	2	47656957	C	G	Heterozygous	yes	no	no
IR120-Columbia-2-IDMB26	1	152285076	CACTG	C	Heterozygous	yes	no	no
IR120-Columbia-2-IDMB27	7	117199644	ATCT	A	Heterozygous	yes	no	no
IR120-Columbia-2-IDMB30	14	94847262	T	A	Heterozygous	yes	no	no
IR120-Columbia-2-IDMB32	14	94847262	T	A	Heterozygous	yes	no	no
IR120-Columbia-2-IDMB34	19	39055603	A	G	Heterozygous	yes	no	no
IR120-Columbia-2-IDMB34	2	21236151	A	C	Heterozygous	yes	no	no
IR120-Columbia-2-IDMB36	19	38990457	G	A	Heterozygous	yes	no	no
IR120-Columbia-2-IDMB40	14	94847262	T	A	Heterozygous	yes	no	no
IR120-Columbia-2-IDMB45	12	33030975	ACG	A	Heterozygous	yes	no	no
IR120-Columbia-2-IDMB46	14	94847262	T	A	Heterozygous	yes	no	no
IR120-Columbia-2-IDMB47	19	50909490	C	T	Heterozygous	yes	no	no
IR120-Columbia-2-IDMB50	17	41245465	C	T	Heterozygous	yes	no	no
IR120-Columbia-2-IDMB54	7	151372567	G	C	Heterozygous	yes	no	no
IR120-Columbia-2-IDMB55	9	135772986	C	G	Heterozygous	yes	no	no
IR120-Columbia-2-IDMB57	2	21225688	G	T	Heterozygous	yes	no	no
IR120-Columbia-2-IDMB59	18	28662386	C	T	Heterozygous	yes	no	no
IR120-Columbia-2-IDMB59	19	13395919	G	A	Heterozygous	yes	no	no
IR120-Columbia-2-IDMB59	2	47630106	G	C	Heterozygous	yes	no	no
IR120-Columbia-2-IDMB61	13	32972357	A	G	Heterozygous	yes	no	no
IR120-Columbia-2-IDMB61	14	23884670	A	T	Heterozygous	yes	no	no
IR120-Columbia-2-IDMB61	14	94844947	C	T	Heterozygous	yes	no	no
IR120-Columbia-2-IDMB64	7	6026796	C	T	Heterozygous	yes	no	no
IR120-Columbia-2-IDMB67	16	15811016	G	C	Heterozygous	yes	no	no
IR120-Columbia-2-IDMB71	11	47362770	C	T	Heterozygous	yes	no	no
IR120-Columbia-2-IDMB71	2	21250923	A	G	Heterozygous	yes	no	no
IR120-Columbia-2-IDMB73	7	151271985	A	C	Heterozygous	yes	no	no
IR120-Columbia-2-IDMB75	14	94847262	T	A	Heterozygous	yes	no	no
IR120-Columbia-2-IDMB77	7	117199644	ATCT	A	Heterozygous	yes	no	no
IR120-Columbia-2-IDMB79	7	117199644	ATCT	A	Heterozygous	yes	no	no
IR120-Columbia-2-IDMB81	1	152281522	C	T	Heterozygous	yes	no	no
IR120-Columbia-2-IDMB81	1	152282160	CACTG	C	Heterozygous	yes	no	no
IR120-Columbia-2-IDMB81	14	94849388	G	A	Heterozygous	yes	no	no
IR120-Columbia-2-IDMB82	7	117232266	CA	C	Heterozygous	yes	no	no
IR120-Columbia-2-IDMB83	2	21255379	C	T	Heterozygous	yes	no	no
IR120-Columbia-2-IDMB83	2	48025865	G	A	Heterozygous	yes	no	no
IR120-Columbia-2-IDMB84	22	29107974	C	T	Heterozygous	yes	no	no
IR120-Columbia-2-IDMB85	16	20360114	C	T	Heterozygous	yes	no	no
IR120-Columbia-2-IDMB89	12	33031266	C	T	Heterozygous	yes	no	no
IR120-Columbia-2-IDMB89	5	112175211	T	A	Heterozygous	yes	no	no
IR120-Columbia-2-IDMB90	15	67477161	G	A	Heterozygous	yes	no	no
IR120-Columbia-2-IDMB90	5	112175211	T	A	Heterozygous	yes	no	no
IR122-Columbia-1-IDMB95	1	55524262	A	G	Heterozygous	yes	no	no
IR122-Vanderbilt-1-IDMB3	22	29091207	G	A	Heterozygous	yes	no	no
IR122-Vanderbilt-1-IDMB4	21	35821680	C	T	Heterozygous	yes	no	no
IR122-Vanderbilt-1-IDMB14	1	237862264	G	A	Heterozygous	yes	no	no
IR122-Vanderbilt-1-IDMB16	16	2138276	C	T	Heterozygous	yes	no	no
IR122-Vanderbilt-1-IDMB17	13	32914174	C	G	Heterozygous	yes	no	no
IR122-Vanderbilt-1-IDMB18	1	55523151	C	T	Heterozygous	yes	no	no
IR122-Vanderbilt-1-IDMB21	19	50909709	G	A	Heterozygous	yes	no	no
IR122-Vanderbilt-1-IDMB25	22	29121018	C	T	Heterozygous	yes	no	no
IR122-Vanderbilt-1-IDMB27	16	2134233	C	T	Heterozygous	yes	no	no
IR122-Vanderbilt-1-IDMB30	10	89624271	A	T	Heterozygous	yes	no	no
IR122-Vanderbilt-1-IDMB33	19	11223968	C	G	Heterozygous	yes	no	no
IR122-Vanderbilt-1-IDMB36	3	38592118	G	T	Heterozygous	yes	no	no
IR122-Vanderbilt-1-IDMB37	11	108159742	C	T	Heterozygous	yes	no	no
IR122-Vanderbilt-1-IDMB39	10	43615083	C	T	Heterozygous	yes	no	no
IR122-Vanderbilt-1-IDMB43	11	108214098	GGTGA	G	Heterozygous	yes	no	no
IR122-Vanderbilt-1-IDMB44	13	32913708	ATTTAAGT	A	Heterozygous	yes	no	no
IR122-Vanderbilt-1-IDMB48	16	15842026	C	T	Heterozygous	yes	no	no
IR122-Vanderbilt-1-IDMB51	19	13443722	C	T	Heterozygous	yes	no	no
IR122-Vanderbilt-1-IDMB54	19	11221343	T	C	Heterozygous	yes	no	no
IR122-Vanderbilt-1-IDMB55	1	201047025	C	G	Heterozygous	yes	no	no
IR122-Vanderbilt-1-IDMB57	19	38993163	C	G	Heterozygous	yes	no	no
IR122-Vanderbilt-1-IDMB60	2	21228165	C	T	Heterozygous	yes	no	no
IR122-Vanderbilt-1-IDMB61	13	32900266	A	G	Heterozygous	yes	no	no
IR122-Vanderbilt-1-IDMB64	21	35821680	C	T	Heterozygous	yes	no	no
IR122-Vanderbilt-1-IDMB67	22	29091856	AG	A	Heterozygous	yes	no	no
IR122-Vanderbilt-1-IDMB67	9	101894956	T	C	Heterozygous	yes	no	no
IR122-Vanderbilt-1-IDMB70	5	112175211	T	A	Heterozygous	yes	no	no
IR122-Vanderbilt-1-IDMB72	11	47360203	G	A	Heterozygous	yes	no	no
IR122-Vanderbilt-1-IDMB73	21	35821680	C	T	Heterozygous	yes	no	no
IR122-Vanderbilt-1-IDMB77	3	38601712	C	T	Heterozygous	yes	no	no
IR122-Vanderbilt-1-IDMB80	21	35821839	G	A	Heterozygous	yes	no	no
IR122-Vanderbilt-1-IDMB81	22	29090054	G	A	Heterozygous	yes	no	no
IR122-Vanderbilt-1-IDMB82	18	29101149	G	A	Heterozygous	yes	no	no
IR122-Vanderbilt-1-IDMB83	17	7577143	CAGT	C	Heterozygous	yes	no	no
IR122-Vanderbilt-1-IDMB85	21	35821680	C	T	Heterozygous	yes	no	no
IR122-Vanderbilt-1-IDMB86	10	88683210	G	C	Heterozygous	yes	no	no
IR122-Vanderbilt-1-IDMB88	7	6048649	A	T	Heterozygous	yes	no	no
IR122-Vanderbilt-1-IDMB91	3	38592108	G	A	Heterozygous	yes	no	no
IR123-Columbia-1-IDMB1	13	32972398	T	A	Heterozygous	yes	no	no
IR123-Columbia-1-IDMB3	1	152285076	CACTG	C	Heterozygous	yes	no	no
IR123-Columbia-1-IDMB4	7	117227832	G	T	Heterozygous	yes	no	no
IR123-Columbia-1-IDMB9	1	55527093	C	T	Heterozygous	yes	no	no
IR123-Columbia-1-IDMB9	7	150655587	C	T	Heterozygous	yes	no	no
IR123-Columbia-1-IDMB10	1	237758864	C	A	Heterozygous	yes	no	no
IR123-Columbia-1-IDMB10	11	47356737	G	C	Heterozygous	yes	no	no
IR123-Columbia-1-IDMB12	1	196712620	T	C	Heterozygous	yes	no	no
IR123-Columbia-1-IDMB12	1	196712626	G	C	Heterozygous	yes	no	no
IR123-Columbia-1-IDMB12	17	7579618	A	T	Heterozygous	yes	no	no
IR123-Columbia-1-IDMB12	7	117171053	T	C	Heterozygous	yes	no	no
IR123-Columbia-1-IDMB12	7	117242783	C	T	Heterozygous	yes	no	no
IR123-Columbia-1-IDMB14	22	29130520	C	T	Heterozygous	yes	no	no
IR123-Columbia-1-IDMB15	16	15844156	T	G	Heterozygous	yes	no	no
IR123-Columbia-1-IDMB17	1	237666713	A	G	Heterozygous	yes	no	no
IR123-Columbia-1-IDMB19	1	63069703	G	A	Heterozygous	yes	no	no
IR123-Columbia-1-IDMB22	19	39056393	C	G	Heterozygous	yes	no	no
IR123-Columbia-1-IDMB23	17	36091642	A	G	Heterozygous	yes	no	no
IR123-Columbia-1-IDMB23	19	13319778	G	T	Heterozygous	yes	no	no
IR123-Columbia-1-IDMB23	19	39056388	C	T	Heterozygous	yes	no	no
IR123-Columbia-1-IDMB23	2	189866138	A	G	Heterozygous	yes	no	no
IR123-Columbia-1-IDMB24	12	32974429	C	G	Heterozygous	yes	no	no
IR123-Columbia-1-IDMB28	14	94847262	T	A	Heterozygous	yes	no	no
IR123-Columbia-1-IDMB30	17	41245689	A	T	Heterozygous	yes	no	no
IR123-Columbia-1-IDMB30	3	37059005	G	A	Heterozygous	yes	no	no
IR123-Columbia-1-IDMB32	10	43615568	G	A	Heterozygous	yes	no	no
IR123-Columbia-1-IDMB32	19	38949966	C	T	Heterozygous	yes	no	no
IR123-Columbia-1-IDMB32	7	117171029	G	A	Heterozygous	yes	no	no
IR123-Columbia-1-IDMB36	14	94844947	C	T	Heterozygous	yes	no	no
IR123-Columbia-1-IDMB37	1	45797351	C	T	Heterozygous	yes	no	no
IR123-Columbia-1-IDMB37	17	7577151	T	C	Heterozygous	yes	no	no
IR123-Columbia-1-IDMB41	7	117199644	ATCT	A	Heterozygous	yes	no	no
IR123-Columbia-1-IDMB43	1	152285076	CACTG	C	Heterozygous	yes	no	no
IR123-Columbia-1-IDMB43	19	50905267	G	A	Heterozygous	yes	no	no
IR123-Columbia-1-IDMB51	11	47367845	G	A	Heterozygous	yes	no	no
IR123-Columbia-1-IDMB54	18	28670999	G	A	Heterozygous	yes	no	no
IR123-Columbia-1-IDMB55	1	152276443	G	C	Heterozygous	yes	no	no
IR123-Columbia-1-IDMB55	1	152280331	G	C	Heterozygous	yes	no	no
IR123-Columbia-1-IDMB55	16	15831450	C	T	Heterozygous	yes	no	no
IR123-Columbia-1-IDMB58	3	38651285	C	T	Heterozygous	yes	no	no
IR123-Columbia-1-IDMB59	1	201333434	G	A	Heterozygous	yes	no	no
IR123-Columbia-1-IDMB59	11	2683261	C	A	Heterozygous	yes	no	no
IR123-Columbia-1-IDMB59	16	15808860	C	T	Heterozygous	yes	no	no
IR123-Columbia-1-IDMB59	3	38622493	C	T	Heterozygous	yes	no	no
IR123-Columbia-1-IDMB59	3	123337608	G	A	Heterozygous	yes	no	no
IR123-Columbia-1-IDMB61	11	32456641	G	T	Heterozygous	yes	no	no
IR123-Columbia-1-IDMB62	18	48581351	G	A	Heterozygous	yes	no	no
IR123-Columbia-1-IDMB66	7	117175323	G	A	Heterozygous	yes	no	no
IR123-Columbia-1-IDMB67	2	21232865	A	G	Heterozygous	yes	no	no
IR123-Columbia-1-IDMB68	7	117304834	G	T	Heterozygous	yes	no	no
IR123-Columbia-1-IDMB71	1	237823367	C	G	Heterozygous	yes	no	no
IR123-Columbia-1-IDMB78	19	50921127	A	C	Heterozygous	yes	no	no
IR123-Columbia-1-IDMB78	3	123419476	T	C	Heterozygous	yes	no	no
IR123-Columbia-1-IDMB78	7	6043375	T	G	Heterozygous	yes	no	no
IR123-Columbia-1-IDMB79	3	123419166	A	G	Heterozygous	yes	no	no
IR123-Columbia-1-IDMB80	5	112175211	T	A	Heterozygous	yes	no	no
IR123-Columbia-1-IDMB81	1	201043716	C	T	Heterozygous	yes	no	no
IR123-Columbia-1-IDMB82	1	161298226	C	T	Heterozygous	yes	no	no
IR123-Columbia-1-IDMB84	19	1220703	G	A	Heterozygous	yes	no	no
IR123-Columbia-1-IDMB85	2	166847915	T	C	Heterozygous	yes	no	no
IR123-Columbia-1-IDMB87	2	166847915	T	C	Heterozygous	yes	no	no
IR123-Columbia-1-IDMB95	7	117180242	T	G	Heterozygous	yes	no	no
IR123-Columbia-2-IDMB4	19	39061259	C	T	Heterozygous	yes	no	no
IR123-Columbia-2-IDMB6	7	117282468	G	A	Heterozygous	yes	no	no
IR123-Columbia-2-IDMB7	19	38966022	C	T	Heterozygous	yes	no	no
IR123-Columbia-2-IDMB10	19	38951165	C	A	Heterozygous	yes	no	no
IR123-Columbia-2-IDMB10	3	38616841	T	C	Heterozygous	yes	no	no
IR123-Columbia-2-IDMB10	7	117232086	G	A	Heterozygous	yes	no	no
IR123-Columbia-2-IDMB11	14	94847262	T	A	Heterozygous	yes	no	no
IR123-Columbia-2-IDMB14	5	112177049	C	G	Heterozygous	yes	no	no
IR123-Columbia-2-IDMB17	14	94844947	C	T	Heterozygous	yes	no	no
IR123-Columbia-2-IDMB22	7	117199644	ATCT	A	Heterozygous	yes	no	no
IR123-Columbia-2-IDMB23	5	112175211	T	A	Heterozygous	yes	no	no
IR123-Columbia-2-IDMB25	14	94847262	T	A	Heterozygous	yes	no	no
IR123-Columbia-2-IDMB26	16	2120494	G	A	Heterozygous	yes	no	no
IR123-Columbia-2-IDMB26	2	21232016	T	A	Heterozygous	yes	no	no
IR123-Columbia-2-IDMB27	17	7577105	G	C	Heterozygous	yes	no	no
IR123-Columbia-2-IDMB28	10	89720741	C	G	Heterozygous	yes	no	no
IR123-Columbia-2-IDMB30	14	94844947	C	T	Heterozygous	yes	no	no
IR123-Columbia-2-IDMB38	14	94847262	T	A	Heterozygous	yes	no	no
IR123-Columbia-2-IDMB39	12	32994037	C	T	Heterozygous	yes	no	no
IR123-Columbia-2-IDMB39	5	112175211	T	A	Heterozygous	yes	no	no
IR123-Columbia-2-IDMB39	7	117243663	C	T	Heterozygous	yes	no	no
IR123-Columbia-2-IDMB40	6	7578736	A	G	Heterozygous	yes	no	no
IR123-Columbia-2-IDMB41	14	94844947	C	T	Heterozygous	yes	no	no
IR123-Columbia-2-IDMB43	14	94847262	T	A	Heterozygous	yes	no	no
IR123-Columbia-2-IDMB43	19	38951084	C	A	Heterozygous	yes	no	no
IR123-Columbia-2-IDMB46	2	48033438	C	T	Heterozygous	yes	no	no
IR123-Columbia-2-IDMB46	5	112175211	T	A	Heterozygous	yes	no	no
IR123-Columbia-2-IDMB48	14	94847262	T	A	Heterozygous	yes	no	no
IR123-Columbia-2-IDMB49	14	94849388	G	A	Heterozygous	yes	no	no
IR123-Columbia-2-IDMB53	16	15818064	C	T	Heterozygous	yes	no	no
IR123-Columbia-2-IDMB58	2	21228576	G	C	Heterozygous	yes	no	no
IR123-Columbia-2-IDMB59	19	39016005	A	C	Heterozygous	yes	no	no
IR123-Columbia-2-IDMB63	19	50905716	T	C	Heterozygous	yes	no	no
IR123-Columbia-2-IDMB64	1	152276443	G	C	Heterozygous	yes	no	no
IR123-Columbia-2-IDMB64	1	152280331	G	C	Heterozygous	yes	no	no
IR123-Columbia-2-IDMB64	14	23886133	G	A	Heterozygous	yes	no	no
IR123-Columbia-2-IDMB64	3	38671821	C	G	Heterozygous	yes	no	no
IR123-Columbia-2-IDMB68	19	39006851	C	T	Heterozygous	yes	no	no
IR123-Columbia-2-IDMB70	1	237824219	G	A	Heterozygous	yes	no	no
IR123-Columbia-2-IDMB71	19	38995676	T	G	Heterozygous	yes	no	no
IR123-Columbia-2-IDMB72	14	94847262	T	A	Heterozygous	yes	no	no
IR123-Columbia-2-IDMB74	14	94847262	T	A	Heterozygous	yes	no	no
IR123-Columbia-2-IDMB77	5	112175211	T	A	Heterozygous	yes	no	no
IR123-Columbia-2-IDMB79	13	32914461	A	C	Heterozygous	yes	no	no
IR123-Columbia-2-IDMB80	2	21229040	G	A	Heterozygous	yes	no	no
IR123-Columbia-2-IDMB81	2	47702310	G	C	Heterozygous	yes	no	no
IR123-Columbia-2-IDMB81	7	117243663	C	T	Heterozygous	yes	no	no
IR123-Columbia-2-IDMB82	1	237729884	T	A	Heterozygous	yes	no	no
IR123-Columbia-2-IDMB83	7	117199644	ATCT	A	Heterozygous	yes	no	no
IR123-Columbia-2-IDMB85	14	94847262	T	A	Heterozygous	yes	no	no
IR123-Columbia-2-IDMB86	2	21228419	A	G	Heterozygous	yes	no	no
IR123-Columbia-2-IDMB86	4	114269433	A	G	Heterozygous	yes	no	no
IR123-Columbia-2-IDMB88	4	114269433	A	G	Heterozygous	yes	no	no
IR123-Columbia-2-IDMB90	12	133252049	T	C	Heterozygous	yes	no	no
IR123-Columbia-2-IDMB90	5	112175783	G	A	Heterozygous	yes	no	no
IR123-Columbia-2-IDMB92	16	23646551	C	A	Heterozygous	yes	no	no
IR123-Vanderbilt-2-IDMB96	22	29120965	CT	C	Heterozygous	yes	no	no
IR124-CHOP-1-IDMB92	1	237889583	G	A	Heterozygous	yes	no	no
IR124-CHOP-1-IDMB92	2	189855057	C	T	Heterozygous	yes	no	no
IR124-CHOP-1-IDMB93	6	7576631	T	C	Heterozygous	yes	no	no
IR124-Columbia-1-IDMB4	14	94849345	GAGA	G	Heterozygous	yes	no	no
IR124-Columbia-1-IDMB5	1	156105708	C	T	Heterozygous	yes	no	no
IR124-Columbia-1-IDMB6	1	63063592	GAACTC	G	Heterozygous	yes	no	no
IR124-Columbia-1-IDMB6	7	150645564	C	T	Heterozygous	yes	no	no
IR124-Columbia-1-IDMB7	1	152287017	CT	C	Heterozygous	yes	no	no
IR124-Columbia-1-IDMB8	18	29172929	A	G	Heterozygous	yes	no	no
IR124-Columbia-1-IDMB9	17	41276044	ACT	A	Heterozygous	yes	no	no
IR124-Columbia-1-IDMB9	22	29091207	G	A	Heterozygous	yes	no	no
IR124-Columbia-1-IDMB11	1	152285076	CACTG	C	Heterozygous	yes	no	no
IR124-Columbia-1-IDMB11	14	94847262	T	A	Heterozygous	yes	no	no
IR124-Columbia-1-IDMB14	7	117199644	ATCT	A	Heterozygous	yes	no	no
IR124-Columbia-1-IDMB20	13	32906927	G	T	Heterozygous	yes	no	no
IR124-Columbia-1-IDMB20	2	48026150	C	T	Heterozygous	yes	no	no
IR124-Columbia-1-IDMB21	19	38976598	C	T	Heterozygous	yes	no	no
IR124-Columbia-1-IDMB21	3	38620980	A	T	Heterozygous	yes	no	no
IR124-Columbia-1-IDMB26	1	196646659	G	T	Heterozygous	yes	no	no
IR124-Columbia-1-IDMB26	14	94847262	T	A	Heterozygous	yes	no	no
IR124-Columbia-1-IDMB26	7	117251649	T	G	Heterozygous	yes	no	no
IR124-Columbia-1-IDMB28	14	94844947	C	T	Heterozygous	yes	no	no
IR124-Columbia-1-IDMB29	11	47356682	C	G	Heterozygous	yes	no	no
IR124-Columbia-1-IDMB30	11	47355215	G	A	Heterozygous	yes	no	no
IR124-Columbia-1-IDMB31	19	39071022	G	A	Heterozygous	yes	no	no
IR124-Columbia-1-IDMB31	3	38592986	C	T	Heterozygous	yes	no	no
IR124-Columbia-1-IDMB32	1	237837440	G	T	Heterozygous	yes	no	no
IR124-Columbia-1-IDMB36	5	112175211	T	A	Heterozygous	yes	no	no
IR124-Columbia-1-IDMB38	14	94847262	T	A	Heterozygous	yes	no	no
IR124-Columbia-1-IDMB40	3	38671883	C	T	Heterozygous	yes	no	no
IR124-Columbia-1-IDMB45	7	117282620	G	A	Heterozygous	yes	no	no
IR124-Columbia-1-IDMB46	19	39062839	G	A	Heterozygous	yes	no	no
IR124-Columbia-1-IDMB47	14	94844947	C	T	Heterozygous	yes	no	no
IR124-Columbia-1-IDMB49	7	117282620	G	A	Heterozygous	yes	no	no
IR124-Columbia-1-IDMB51	14	94847262	T	A	Heterozygous	yes	no	no
IR124-NU-CGM-1-IDMB55	13	32920971	A	G	Heterozygous	yes	no	no
IR124-NU-CGM-1-IDMB56	2	47637354	T	C	Heterozygous	yes	no	no
IR124-NU-CGM-1-IDMB57	19	39062839	G	T	Heterozygous	yes	no	no
IR124-NU-CGM-1-IDMB57	3	38674537	T	C	Heterozygous	yes	no	no
IR124-NU-CGM-1-IDMB62	11	47364282	C	T	Heterozygous	yes	no	no
IR124-NU-CGM-1-IDMB63	4	187201412	T	C	Heterozygous	yes	no	no
IR124-NU-CGM-1-IDMB64	9	132576340	TCTC	T	Heterozygous	yes	no	no
IR124-NU-CGM-1-IDMB65	1	152281970	G	A	Heterozygous	yes	no	no
IR124-NU-CGM-1-IDMB65	19	38943545	T	C	Heterozygous	yes	no	no
IR124-NU-CGM-1-IDMB67	12	33031933	T	C	Heterozygous	yes	no	no
IR124-NU-CGM-1-IDMB73	7	117232086	G	A	Heterozygous	yes	no	no
IR124-NU-CGM-1-IDMB74	15	48704773	T	C	Heterozygous	yes	no	no
IR124-NU-CGM-1-IDMB75	3	37092015	G	A	Heterozygous	yes	no	no
IR124-NU-CGM-1-IDMB78	18	58038892	C	T	Heterozygous	yes	no	no
IR124-NU-CGM-1-IDMB80	5	112178532	T	C	Heterozygous	yes	no	no
IR124-NU-CGM-1-IDMB84	3	123426600	C	G	Heterozygous	yes	no	no
IR124-NU-CGM-1-IDMB85	11	108168068	C	A	Heterozygous	yes	no	no
IR124-NU-CGM-1-IDMB86	17	41223021	G	A	Heterozygous	yes	no	no
IR124-NU-CGM-1-IDMB86	5	112173949	G	T	Heterozygous	yes	no	no
IR124-Vanderbilt-1-IDMB96	14	23888743	G	A	Heterozygous	yes	no	no
IR125-NU-CGM-2-IDMB3	19	38959767	T	G	Heterozygous	yes	no	no
IR125-NU-CGM-2-IDMB4	1	152285076	CACTG	C	Heterozygous	yes	no	no
IR125-NU-CGM-2-IDMB4	12	133219156	G	A	Heterozygous	yes	no	no
IR125-NU-CGM-2-IDMB7	14	94847262	T	A	Heterozygous	yes	no	no
IR125-NU-CGM-2-IDMB8	12	121435469	G	A	Heterozygous	yes	no	no
IR125-NU-CGM-2-IDMB10	2	47707943	A	G	Heterozygous	yes	no	no
IR125-NU-CGM-2-IDMB11	7	117292899	G	A	Heterozygous	yes	no	no
IR125-NU-CGM-2-IDMB13	2	47630531	G	C	Heterozygous	yes	no	no
IR125-NU-CGM-2-IDMB14	2	48033780	C	T	Heterozygous	yes	no	no
IR125-NU-CGM-2-IDMB14	2	167060917	T	C	Heterozygous	yes	no	no
IR125-NU-CGM-2-IDMB14	7	150655366	C	A	Heterozygous	yes	no	no
IR125-NU-CGM-2-IDMB14	7	150671956	C	A	Heterozygous	yes	no	no
IR125-NU-CGM-2-IDMB15	14	23891500	C	A	Heterozygous	yes	no	no
IR125-NU-CGM-2-IDMB15	4	114275712	A	G	Heterozygous	yes	no	no
IR125-NU-CGM-2-IDMB16	1	201039418	A	C	Heterozygous	yes	no	no
IR125-NU-CGM-2-IDMB16	2	167168062	C	T	Heterozygous	yes	no	no
IR125-NU-CGM-2-IDMB17	7	117199644	ATCT	A	Heterozygous	yes	no	no
IR125-NU-CGM-2-IDMB19	17	41245250	ACT	A	Heterozygous	yes	no	no
IR125-NU-CGM-2-IDMB22	14	94847262	T	A	Heterozygous	yes	no	no
IR125-NU-CGM-2-IDMB22	2	167137018	A	T	Heterozygous	yes	no	no
IR125-NU-CGM-2-IDMB23	14	94844947	C	T	Heterozygous	yes	no	no
IR125-NU-CGM-2-IDMB23	7	117282526	G	A	Heterozygous	yes	no	no
IR125-NU-CGM-2-IDMB24	4	114278800	A	C	Heterozygous	yes	no	no
IR125-NU-CGM-2-IDMB25	13	32905123	TGACA	T	Heterozygous	yes	no	no
IR125-NU-CGM-2-IDMB26	10	43623571	C	T	Heterozygous	yes	no	no
IR125-NU-CGM-2-IDMB26	16	15931991	G	A	Heterozygous	yes	no	no
IR125-NU-CGM-2-IDMB27	11	108235926	G	A	Heterozygous	yes	no	no
IR125-NU-CGM-2-IDMB28	5	112175211	T	A	Heterozygous	yes	no	no
IR125-NU-CGM-2-IDMB29	13	32931945	T	C	Heterozygous	yes	no	no
IR125-NU-CGM-2-IDMB29	17	7578457	C	T	Heterozygous	yes	no	no
IR125-NU-CGM-2-IDMB30	10	43596137	G	A	Heterozygous	yes	no	no
IR125-NU-CGM-2-IDMB30	16	2129068	G	T	Heterozygous	yes	no	no
IR125-NU-CGM-2-IDMB31	14	94847262	T	A	Heterozygous	yes	no	no
IR125-NU-CGM-2-IDMB31	3	38592825	C	T	Heterozygous	yes	no	no
IR125-NU-CGM-2-IDMB32	12	2224400	T	G	Heterozygous	yes	no	no
IR125-NU-CGM-2-IDMB32	12	121437318	GTCCGGGCT	G	Heterozygous	yes	no	no
IR125-NU-CGM-2-IDMB35	1	152285076	CACTG	C	Heterozygous	yes	no	no
IR125-NU-CGM-2-IDMB38	14	94847262	T	A	Heterozygous	yes	no	no
IR125-NU-CGM-2-IDMB44	16	15815430	G	C	Heterozygous	yes	no	no
IR125-NU-CGM-2-IDMB48	11	47362758	C	T	Heterozygous	yes	no	no
IR125-NU-CGM-2-IDMB49	1	201031623	G	A	Heterozygous	yes	no	no
IR125-NU-CGM-2-IDMB50	1	156830739	G	A	Heterozygous	yes	no	no
IR125-NU-CGM-2-IDMB50	4	114294597	C	A	Heterozygous	yes	no	no
IR125-NU-CGM-2-IDMB53	1	152285076	CACTG	C	Heterozygous	yes	no	no
IR125-NU-CGM-2-IDMB54	16	23619181	T	C	Heterozygous	yes	no	no
IR125-NU-CGM-2-IDMB55	11	47364249	G	A	Heterozygous	yes	no	no
IR125-NU-CGM-2-IDMB57	14	94844947	C	T	Heterozygous	yes	no	no
IR125-NU-CGM-2-IDMB62	11	111965549	C	T	Heterozygous	yes	no	no
IR125-NU-CGM-2-IDMB63	6	7580675	C	G	Heterozygous	yes	no	no
IR125-NU-CGM-2-IDMB64	7	117232086	G	A	Heterozygous	yes	no	no
IR125-NU-CGM-2-IDMB65	1	152285076	CACTG	C	Heterozygous	yes	no	no
IR125-NU-CGM-2-IDMB66	17	41246181	A	G	Heterozygous	yes	no	no
IR125-NU-CGM-2-IDMB68	5	112177991	C	G	Heterozygous	yes	no	no
IR125-NU-CGM-2-IDMB71	14	94847262	T	A	Heterozygous	yes	no	no
IR125-NU-CGM-2-IDMB71	17	68172379	C	T	Heterozygous	yes	no	no
IR125-NU-CGM-2-IDMB72	6	7559593	A	T	Heterozygous	yes	no	no
IR125-NU-CGM-2-IDMB73	1	152285076	CACTG	C	Heterozygous	yes	no	no
IR125-NU-CGM-2-IDMB73	14	94847262	T	A	Heterozygous	yes	no	no
IR125-NU-CGM-2-IDMB78	22	29085139	G	A	Heterozygous	yes	no	no
IR125-NU-CGM-2-IDMB78	3	123441034	G	T	Heterozygous	yes	no	no
IR125-NU-CGM-2-IDMB82	1	237532888	C	T	Heterozygous	yes	no	no
IR125-NU-CGM-2-IDMB82	14	94844947	C	T	Heterozygous	yes	no	no
IR125-NU-CGM-2-IDMB83	14	94847262	T	A	Heterozygous	yes	no	no
IR125-NU-CGM-2-IDMB84	1	156108442	C	T	Heterozygous	yes	no	no
IR125-NU-CGM-2-IDMB85	1	156851273	C	T	Heterozygous	yes	no	no
IR125-NU-CGM-2-IDMB85	15	63336354	A	G	Heterozygous	yes	no	no
IR125-NU-CGM-2-IDMB86	13	32914174	C	G	Heterozygous	yes	no	no
IR125-NU-CGM-2-IDMB87	14	94844947	C	T	Heterozygous	yes	no	no
IR125-NU-CGM-2-IDMB88	19	39055885	C	A	Heterozygous	yes	no	no
IR125-NU-CGM-2-IDMB88	22	29121087	A	G	Heterozygous	yes	no	no
IR125-NU-CGM-2-IDMB88	3	46902303	G	C	Heterozygous	yes	no	no
IR125-NU-CGM-2-IDMB88	7	117227860	G	A	Heterozygous	yes	no	no
IR125-NU-CGM-2-IDMB89	1	152285076	CACTG	C	Heterozygous	yes	no	no
IR125-NU-CGM-2-IDMB91	14	94847262	T	A	Heterozygous	yes	no	no
IR125-NU-CGM-2-IDMB92	3	38674795	C	T	Heterozygous	yes	no	no
IR125-NU-CGM-2-IDMB93	1	152276729	T	A	Heterozygous	yes	no	no
IR126-CHOP-2-IDMB89	13	32910774	A	C	Heterozygous	yes	no	no
IR126-CHOP-2-IDMB89	19	50917086	G	C	Heterozygous	yes	no	no
IR126-CHOP-2-IDMB90	19	38958410	G	T	Heterozygous	yes	no	no
IR126-CHOP-2-IDMB91	22	30067833	G	T	Heterozygous	yes	no	no
IR126-Columbia-2-IDMB82	2	47643514	T	G	Heterozygous	yes	no	no
IR126-Columbia-2-IDMB83	1	201054594	C	T	Heterozygous	yes	no	no
IR126-Columbia-2-IDMB83	14	94847262	T	A	Heterozygous	yes	no	no
IR126-Columbia-2-IDMB86	3	38592093	C	T	Heterozygous	yes	no	no
IR126-Vanderbilt-2-IDMB4	3	37053542	C	A	Heterozygous	yes	no	no
IR126-Vanderbilt-2-IDMB6	3	14172356	A	AG	Heterozygous	yes	no	no
IR126-Vanderbilt-2-IDMB10	11	47363543	G	A	Heterozygous	yes	no	no
IR126-Vanderbilt-2-IDMB12	1	45798466	C	G	Heterozygous	yes	no	no
IR126-Vanderbilt-2-IDMB12	2	48026255	G	A	Heterozygous	yes	no	no
IR126-Vanderbilt-2-IDMB14	12	121426811	C	T	Heterozygous	yes	no	no
IR126-Vanderbilt-2-IDMB14	14	23896042	C	T	Heterozygous	yes	no	no
IR126-Vanderbilt-2-IDMB18	1	237780695	T	G	Heterozygous	yes	no	no
IR126-Vanderbilt-2-IDMB23	2	21255292	A	C	Heterozygous	yes	no	no
IR126-Vanderbilt-2-IDMB25	18	29126282	C	T	Heterozygous	yes	no	no
IR126-Vanderbilt-2-IDMB25	22	30067828	G	A	Heterozygous	yes	no	no
IR126-Vanderbilt-2-IDMB26	18	28666646	G	A	Heterozygous	yes	no	no
IR126-Vanderbilt-2-IDMB26	18	29101119	C	T	Heterozygous	yes	no	no
IR126-Vanderbilt-2-IDMB27	16	2103374	C	T	Heterozygous	yes	no	no
IR126-Vanderbilt-2-IDMB31	2	47637476	G	A	Heterozygous	yes	no	no
IR126-Vanderbilt-2-IDMB34	3	38662376	C	T	Heterozygous	yes	no	no
IR126-Vanderbilt-2-IDMB36	7	150648610	C	T	Heterozygous	yes	no	no
IR126-Vanderbilt-2-IDMB37	14	23882984	C	T	Heterozygous	yes	no	no
IR126-Vanderbilt-2-IDMB39	12	133248829	G	A	Heterozygous	yes	no	no
IR126-Vanderbilt-2-IDMB39	21	35821680	C	T	Heterozygous	yes	no	no
IR126-Vanderbilt-2-IDMB44	4	114279892	C	T	Heterozygous	yes	no	no
IR126-Vanderbilt-2-IDMB48	1	201031193	C	T	Heterozygous	yes	no	no
IR126-Vanderbilt-2-IDMB48	12	121416726	G	C	Heterozygous	yes	no	no
IR126-Vanderbilt-2-IDMB49	19	13346072	C	T	Heterozygous	yes	no	no
IR126-Vanderbilt-2-IDMB50	1	237947879	T	G	Heterozygous	yes	no	no
IR126-Vanderbilt-2-IDMB52	19	13356072	A	C	Heterozygous	yes	no	no
IR126-Vanderbilt-2-IDMB53	17	41246098	C	T	Heterozygous	yes	no	no
IR126-Vanderbilt-2-IDMB56	22	29121087	A	G	Heterozygous	yes	no	no
IR126-Vanderbilt-2-IDMB61	6	26093141	G	A	Heterozygous	yes	no	no
IR126-Vanderbilt-2-IDMB63	22	29091856	AG	A	Heterozygous	yes	no	no
IR126-Vanderbilt-2-IDMB64	18	28673582	A	C	Heterozygous	yes	no	no
IR126-Vanderbilt-2-IDMB68	22	29130520	C	T	Heterozygous	yes	no	no
IR126-Vanderbilt-2-IDMB77	2	48030810	A	G	Heterozygous	yes	no	no
IR126-Vanderbilt-2-IDMB79	7	150656826	T	C	Heterozygous	yes	no	no
IR126-Vanderbilt-2-IDMB80	11	2797196	C	T	Heterozygous	yes	no	no
IR127-NU-CGM-2-IDMB2	19	38956916	G	A	Heterozygous	yes	no	no
IR127-NU-CGM-2-IDMB9	5	112162877	G	A	Heterozygous	yes	no	no
IR127-NU-CGM-2-IDMB9	7	117180327	T	A	Heterozygous	yes	no	no
IR127-NU-CGM-2-IDMB14	11	64572131	C	T	Heterozygous	yes	no	no
IR127-NU-CGM-2-IDMB15	16	2114351	G	A	Heterozygous	yes	no	no
IR127-NU-CGM-2-IDMB16	1	237711800	AG	A	Heterozygous	yes	no	no
IR127-NU-CGM-2-IDMB16	18	58039459	C	T	Heterozygous	yes	no	no
IR127-NU-CGM-2-IDMB20	7	117243663	C	T	Heterozygous	yes	no	no
IR127-NU-CGM-2-IDMB21	14	94847262	T	A	Heterozygous	yes	no	no
IR127-NU-CGM-2-IDMB24	7	117267779	T	A	Heterozygous	yes	no	no
IR127-NU-CGM-2-IDMB25	2	166850671	T	C	Heterozygous	yes	no	no
IR127-NU-CGM-2-IDMB30	1	152275727	G	A	Heterozygous	yes	no	no
IR127-NU-CGM-2-IDMB30	14	94847262	T	A	Heterozygous	yes	no	no
IR127-NU-CGM-2-IDMB30	7	117180330	C	T	Heterozygous	yes	no	no
IR127-NU-CGM-2-IDMB32	2	21235394	G	C	Heterozygous	yes	no	no
IR127-NU-CGM-2-IDMB32	7	117182079	C	A	Heterozygous	yes	no	no
IR127-NU-CGM-2-IDMB34	19	39078004	G	T	Heterozygous	yes	no	no
IR127-NU-CGM-2-IDMB34	7	6013097	CA	C	Heterozygous	yes	no	no
IR127-NU-CGM-2-IDMB35	22	29121087	A	G	Heterozygous	yes	no	no
IR127-NU-CGM-2-IDMB37	13	32936763	GCCTTT	G	Heterozygous	yes	no	no
IR127-NU-CGM-2-IDMB38	14	94847262	T	A	Heterozygous	yes	no	no
IR127-NU-CGM-2-IDMB41	1	152287839	C	A	Heterozygous	yes	no	no
IR127-NU-CGM-2-IDMB43	14	94847262	T	A	Heterozygous	yes	no	no
IR127-NU-CGM-2-IDMB43	7	117199644	ATCT	A	Heterozygous	yes	no	no
IR127-NU-CGM-2-IDMB44	11	67818019	G	A	Heterozygous	yes	no	no
IR127-NU-CGM-2-IDMB44	19	39039040	T	C	Heterozygous	yes	no	no
IR127-NU-CGM-2-IDMB45	11	67815010	C	T	Heterozygous	yes	no	no
IR127-NU-CGM-2-IDMB46	7	117171029	G	A	Heterozygous	yes	no	no
IR127-NU-CGM-2-IDMB48	7	117171169	G	T	Heterozygous	yes	no	no
IR127-NU-CGM-2-IDMB50	16	2138583	C	T	Heterozygous	yes	no	no
IR127-NU-CGM-2-IDMB51	14	94849388	G	A	Heterozygous	yes	no	no
IR127-NU-CGM-2-IDMB52	10	90703627	G	C	Heterozygous	yes	no	no
IR127-NU-CGM-2-IDMB54	11	67811747	T	C	Heterozygous	yes	no	no
IR127-NU-CGM-2-IDMB57	18	52969714	A	T	Heterozygous	yes	no	no
IR127-NU-CGM-2-IDMB60	19	11224118	A	T	Heterozygous	yes	no	no
IR127-NU-CGM-2-IDMB60	3	38645358	C	T	Heterozygous	yes	no	no
IR127-NU-CGM-2-IDMB65	1	152285076	CACTG	C	Heterozygous	yes	no	no
IR127-NU-CGM-2-IDMB65	14	94847262	T	A	Heterozygous	yes	no	no
IR127-NU-CGM-2-IDMB66	11	32450063	A	T	Heterozygous	yes	no	no
IR127-NU-CGM-2-IDMB66	7	117180143	GTTT	G	Heterozygous	yes	no	no
IR127-NU-CGM-2-IDMB67	14	94847262	T	A	Heterozygous	yes	no	no
IR127-NU-CGM-2-IDMB68	1	237868624	G	C	Heterozygous	yes	no	no
IR127-NU-CGM-2-IDMB70	2	203332270	A	C	Heterozygous	yes	no	no
IR127-NU-CGM-2-IDMB70	22	29090054	G	A	Heterozygous	yes	no	no
IR127-NU-CGM-2-IDMB73	7	117251691	C	T	Heterozygous	yes	no	no
IR127-NU-CGM-2-IDMB74	3	123419184	G	T	Heterozygous	yes	no	no
IR127-NU-CGM-2-IDMB77	7	117199644	ATCT	A	Heterozygous	yes	no	no
IR127-NU-CGM-2-IDMB78	12	32977080	C	T	Heterozygous	yes	no	no
IR127-NU-CGM-2-IDMB79	16	20361129	C	G	Heterozygous	yes	no	no
IR127-NU-CGM-2-IDMB80	1	237872307	G	A	Heterozygous	yes	no	no
IR127-NU-CGM-2-IDMB84	7	6035238	G	A	Heterozygous	yes	no	no
IR127-NU-CGM-2-IDMB87	3	38595836	G	A	Heterozygous	yes	no	no
IR127-NU-CGM-2-IDMB89	12	2797760	G	A	Heterozygous	yes	no	no
IR127-NU-CGM-2-IDMB90	2	21231873	C	A	Heterozygous	yes	no	no
IR127-NU-CGM-2-IDMB93	1	63063592	GAACTC	G	Heterozygous	yes	no	no
IR127-NU-CGM-2-IDMB94	19	1218462	C	G	Heterozygous	yes	no	no
IR130-CHOP-2-IDMB2	2	48033638	T	TA	Heterozygous	yes	no	no
IR130-CHOP-2-IDMB3	1	237947871	T	C	Heterozygous	yes	no	no
IR130-CHOP-2-IDMB5	2	189864086	C	T	Heterozygous	yes	no	no
IR130-CHOP-2-IDMB8	10	89692799	C	G	Heterozygous	yes	no	no
IR130-CHOP-2-IDMB11	1	237821290	G	A	Heterozygous	yes	no	no
IR130-CHOP-2-IDMB16	19	38951025	C	A	Heterozygous	yes	no	no
IR130-CHOP-2-IDMB27	19	39009878	G	A	Heterozygous	yes	no	no
IR130-CHOP-2-IDMB30	18	48584506	A	G	Heterozygous	yes	no	no
IR130-CHOP-2-IDMB31	X	100662865	AT	A	Heterozygous	yes	no	no
IR130-CHOP-2-IDMB33	5	112174728	G	A	Heterozygous	yes	no	no
IR130-CHOP-2-IDMB35	3	123348324	A	G	Heterozygous	yes	no	no
IR130-CHOP-2-IDMB40	6	7581484	G	C	Heterozygous	yes	no	no
IR130-CHOP-2-IDMB44	6	7580521	T	G	Heterozygous	yes	no	no
IR130-CHOP-2-IDMB45	10	90697990	G	C	Heterozygous	yes	no	no
IR130-CHOP-2-IDMB46	1	201054615	T	G	Heterozygous	yes	no	no
IR130-CHOP-2-IDMB46	1	237753154	T	A	Heterozygous	yes	no	no
IR130-CHOP-2-IDMB53	1	156104743	C	A	Heterozygous	yes	no	no
IR130-CHOP-2-IDMB55	19	13319629	G	C	Heterozygous	yes	no	no
IR130-CHOP-2-IDMB55	7	6026923	C	G	Heterozygous	yes	no	no
IR130-CHOP-2-IDMB57	13	48955470	A	C	Heterozygous	yes	no	no
IR130-CHOP-2-IDMB57	13	48955471	C	A	Heterozygous	yes	no	no
IR130-CHOP-2-IDMB57	17	7579882	C	T	Heterozygous	yes	no	no
IR130-CHOP-2-IDMB57	17	41203095	T	A	Heterozygous	yes	no	no
IR130-CHOP-2-IDMB58	2	48010538	G	T	Heterozygous	yes	no	no
IR130-CHOP-2-IDMB59	2	48026150	C	T	Heterozygous	yes	no	no
IR130-CHOP-2-IDMB71	15	48738915	T	C	Heterozygous	yes	no	no
IR130-CHOP-2-IDMB77	19	13319751	CCCCGCTCCTGGT	C	Heterozygous	yes	no	no
IR130-CHOP-2-IDMB79	2	189873761	G	T	Heterozygous	yes	no	no
IR130-CHOP-2-IDMB79	3	123457773	G	A	Heterozygous	yes	no	no
IR130-CHOP-2-IDMB82	1	45796193	A	C	Heterozygous	yes	no	no
IR130-CHOP-2-IDMB83	12	121416726	G	C	Heterozygous	yes	no	no
IR130-CHOP-2-IDMB85	19	11224071	A	T	Heterozygous	yes	no	no
IR130-CHOP-2-IDMB85	19	11224074	T	C	Heterozygous	yes	no	no
IR130-CHOP-2-IDMB90	11	47359100	CTCT	C	Heterozygous	yes	no	no
IR130-CHOP-2-IDMB95	17	7578202	A	G	Heterozygous	yes	no	no
IR130-CHOP-2-IDMB95	18	29101127	G	C	Heterozygous	yes	no	no
IR130-CHOP-1-IDMB1	7	6017223	T	C	Heterozygous	yes	no	no
IR130-CHOP-1-IDMB2	2	21227277	G	T	Heterozygous	yes	no	no
IR130-CHOP-1-IDMB4	13	49039490	G	A	Heterozygous	yes	no	no
IR130-CHOP-1-IDMB6	12	32977079	C	T	Heterozygous	yes	no	no
IR130-CHOP-1-IDMB6	19	1220613	C	G	Heterozygous	yes	no	no
IR130-CHOP-1-IDMB13	3	38622493	C	T	Heterozygous	yes	no	no
IR130-CHOP-1-IDMB14	12	121426790	G	A	Heterozygous	yes	no	no
IR130-CHOP-1-IDMB14	15	63351784	C	T	Heterozygous	yes	no	no
IR130-CHOP-1-IDMB14	17	68171608	T	C	Heterozygous	yes	no	no
IR130-CHOP-1-IDMB14	6	32006858	C	G	Heterozygous	yes	no	no
IR130-CHOP-1-IDMB18	2	21229356	A	G	Heterozygous	yes	no	no
IR130-CHOP-1-IDMB18	5	112177857	A	G	Heterozygous	yes	no	no
IR130-CHOP-1-IDMB19	3	38616913	C	A	Heterozygous	yes	no	no
IR130-CHOP-1-IDMB20	19	13397505	C	T	Heterozygous	yes	no	no
IR130-CHOP-1-IDMB20	3	38620875	C	T	Heterozygous	yes	no	no
IR130-CHOP-1-IDMB22	17	7577077	C	G	Heterozygous	yes	no	no
IR130-CHOP-1-IDMB23	19	11213375	G	C	Heterozygous	yes	no	no
IR130-CHOP-1-IDMB29	13	48954344	T	G	Heterozygous	yes	no	no
IR130-CHOP-1-IDMB36	12	33031266	C	T	Heterozygous	yes	no	no
IR130-CHOP-1-IDMB36	17	7579323	C	T	Heterozygous	yes	no	no
IR130-CHOP-1-IDMB36	22	30000063	A	G	Heterozygous	yes	no	no
IR130-CHOP-1-IDMB38	1	201012516	G	T	Heterozygous	yes	no	no
IR130-CHOP-1-IDMB40	22	30000028	T	C	Heterozygous	yes	no	no
IR130-CHOP-1-IDMB41	11	111958646	A	G	Heterozygous	yes	no	no
IR130-CHOP-1-IDMB43	18	29125787	G	T	Heterozygous	yes	no	no
IR130-CHOP-1-IDMB43	2	47702349	G	A	Heterozygous	yes	no	no
IR130-CHOP-1-IDMB44	1	156105732	C	T	Heterozygous	yes	no	no
IR130-CHOP-1-IDMB44	7	150655266	C	A	Heterozygous	yes	no	no
IR130-CHOP-1-IDMB45	17	36104769	G	A	Heterozygous	yes	no	no
IR130-CHOP-1-IDMB46	12	133249420	CA	C	Heterozygous	yes	no	no
IR130-CHOP-1-IDMB48	5	112173928	G	C	Heterozygous	yes	no	no
IR130-CHOP-1-IDMB50	7	6031679	G	C	Heterozygous	yes	no	no
IR130-CHOP-1-IDMB51	19	38954096	G	C	Heterozygous	yes	no	no
IR130-CHOP-1-IDMB52	7	6026664	G	T	Heterozygous	yes	no	no
IR130-CHOP-1-IDMB53	11	32417884	G	T	Heterozygous	yes	no	no
IR130-CHOP-1-IDMB53	17	41245591	TTTTC	T	Heterozygous	yes	no	no
IR130-CHOP-1-IDMB53	19	38948185	C	T	Heterozygous	yes	no	no
IR130-CHOP-1-IDMB57	19	39016042	T	C	Heterozygous	yes	no	no
IR130-CHOP-1-IDMB59	13	32914417	T	A	Heterozygous	yes	no	no
IR130-CHOP-1-IDMB62	2	48026620	G	A	Heterozygous	yes	no	no
IR130-CHOP-1-IDMB64	10	43604518	G	A	Heterozygous	yes	no	no
IR130-CHOP-1-IDMB66	11	47363611	C	G	Heterozygous	yes	no	no
IR130-CHOP-1-IDMB67	3	123453062	CA	C	Heterozygous	yes	no	no
IR130-CHOP-1-IDMB70	6	32006858	C	G	Heterozygous	yes	no	no
IR130-CHOP-1-IDMB71	3	38663962	G	C	Heterozygous	yes	no	no
IR130-CHOP-1-IDMB72	19	39019688	C	T	Heterozygous	yes	no	no
IR130-CHOP-1-IDMB82	1	17355120	A	G	Heterozygous	yes	no	no
IR130-CHOP-1-IDMB83	3	38646340	C	A	Heterozygous	yes	no	no
IR130-CHOP-1-IDMB88	3	38622529	C	T	Heterozygous	yes	no	no
IR130-CHOP-1-IDMB92	13	32915133	C	T	Heterozygous	yes	no	no
IR130-CHOP-1-IDMB94	5	112178391	C	T	Heterozygous	yes	no	no
IR132-Columbia-2-IDMB93	7	150644092	T	C	Heterozygous	yes	no	no
IR132-Columbia-2-IDMB2	9	135781320	T	G	Heterozygous	yes	no	no
IR132-Columbia-2-IDMB3	1	201328760	T	A	Heterozygous	yes	no	no
IR132-Columbia-2-IDMB3	14	94847262	T	A	Heterozygous	yes	no	no
IR132-Columbia-2-IDMB7	7	117243663	C	T	Heterozygous	yes	no	no
IR132-Columbia-2-IDMB10	13	32914437	GT	G	Heterozygous	yes	no	no
IR132-Columbia-2-IDMB10	5	112177521	C	T	Heterozygous	yes	no	no
IR132-Columbia-2-IDMB12	1	17380465	G	A	Heterozygous	yes	no	no
IR132-Columbia-2-IDMB14	1	152285076	CACTG	C	Heterozygous	yes	no	no
IR132-Columbia-2-IDMB16	14	94844866	G	A	Heterozygous	yes	no	no
IR132-Columbia-2-IDMB20	17	41209079	T	TG	Heterozygous	yes	no	no
IR132-Columbia-2-IDMB25	7	117243663	C	T	Heterozygous	yes	no	no
IR132-Columbia-2-IDMB26	1	152285076	CACTG	C	Heterozygous	yes	no	no
IR132-Columbia-2-IDMB27	1	152285076	CACTG	C	Heterozygous	yes	no	no
IR132-Columbia-2-IDMB27	17	41251828	T	G	Heterozygous	yes	no	no
IR132-Columbia-2-IDMB30	13	32912458	C	G	Heterozygous	yes	no	no
IR132-Columbia-2-IDMB31	5	112175211	T	A	Heterozygous	yes	no	no
IR132-Columbia-2-IDMB31	7	117243663	C	T	Heterozygous	yes	no	no
IR132-Columbia-2-IDMB32	22	29091207	G	A	Heterozygous	yes	no	no
IR132-Columbia-2-IDMB32	7	117243663	C	T	Heterozygous	yes	no	no
IR132-Columbia-2-IDMB34	3	37067377	G	C	Heterozygous	yes	no	no
IR132-Columbia-2-IDMB35	12	2800336	G	A	Heterozygous	yes	no	no
IR132-Columbia-2-IDMB37	7	117254753	G	C	Heterozygous	yes	no	no
IR132-Columbia-2-IDMB38	5	112175211	T	A	Heterozygous	yes	no	no
IR132-Columbia-2-IDMB39	14	94844947	C	T	Heterozygous	yes	no	no
IR132-Columbia-2-IDMB41	7	117243663	C	T	Heterozygous	yes	no	no
IR132-Columbia-2-IDMB43	5	112175211	T	A	Heterozygous	yes	no	no
IR132-Columbia-2-IDMB44	19	50910262	G	A	Heterozygous	yes	no	no
IR132-Columbia-2-IDMB46	14	94847262	T	A	Heterozygous	yes	no	no
IR132-Columbia-2-IDMB50	7	117251649	T	G	Heterozygous	yes	no	no
IR132-Columbia-2-IDMB54	7	117171029	G	A	Heterozygous	yes	no	no
IR132-Columbia-2-IDMB55	12	121432125	C	G	Heterozygous	yes	no	no
IR132-Columbia-2-IDMB56	1	237666713	A	G	Heterozygous	yes	no	no
IR132-Columbia-2-IDMB62	16	15865524	T	C	Heterozygous	yes	no	no
IR132-Columbia-2-IDMB64	5	112176986	G	C	Heterozygous	yes	no	no
IR132-Columbia-2-IDMB65	7	117171029	G	A	Heterozygous	yes	no	no
IR132-Columbia-2-IDMB69	14	23899832	G	T	Heterozygous	yes	no	no
IR132-Columbia-2-IDMB72	14	94847262	T	A	Heterozygous	yes	no	no
IR132-Columbia-2-IDMB74	14	94847262	T	A	Heterozygous	yes	no	no
IR132-Columbia-2-IDMB74	7	117180242	T	G	Heterozygous	yes	no	no
IR132-Columbia-2-IDMB77	17	41234517	G	A	Heterozygous	yes	no	no
IR132-Columbia-2-IDMB78	1	152285076	CACTG	C	Heterozygous	yes	no	no
IR132-Columbia-2-IDMB83	11	47355528	C	T	Heterozygous	yes	no	no
IR132-Columbia-2-IDMB83	19	39051786	GA	G	Heterozygous	yes	no	no
IR132-Columbia-2-IDMB86	2	21251307	A	G	Heterozygous	yes	no	no
IR132-Columbia-2-IDMB87	7	117199683	G	A	Heterozygous	yes	no	no
IR132-Columbia-2-IDMB90	13	32953937	G	A	Heterozygous	yes	no	no
IR132-Columbia-2-IDMB5	1	237811912	C	T	Heterozygous	yes	no	no
1456
